timestamp,wrist_x,wrist_y,wrist_z,thumb_tip_x,thumb_tip_y,thumb_tip_z,index_tip_x,index_tip_y,index_tip_z
2025-07-14 23:32:22.742546,0.5478044152259827,0.7993207573890686,7.400807362500927e-07,0.23061662912368774,0.7794941663742065,-0.1231410875916481,0.19225434958934784,0.43023917078971863,-0.1180054247379303
2025-07-14 23:32:22.977302,0.533004105091095,0.7618193626403809,5.26006260770373e-07,0.2231186330318451,0.6809386610984802,-0.11758224666118622,0.21234598755836487,0.35115331411361694,-0.11340945959091187
2025-07-14 23:32:23.277027,0.5216447114944458,0.7951804995536804,2.070333806614144e-07,0.2450983226299286,0.6396030187606812,-0.10996661335229874,0.2893758714199066,0.3090343475341797,-0.10403085500001907
2025-07-14 23:32:23.577266,0.5253052115440369,0.8168982267379761,-5.054366880585803e-08,0.2420831173658371,0.6400299668312073,-0.09673712402582169,0.321478933095932,0.2914566099643707,-0.10266357660293579
2025-07-14 23:32:23.843437,0.5345022678375244,0.8353497982025146,1.6687447157437418e-07,0.25622665882110596,0.6723875403404236,-0.09676246345043182,0.38259395956993103,0.29027658700942993,-0.10182206332683563
2025-07-14 23:32:24.177926,0.5685495734214783,0.8463795781135559,2.1624633461669873e-07,0.29784321784973145,0.7158933281898499,-0.10216754674911499,0.41183021664619446,0.3363799750804901,-0.11741553992033005
2025-07-14 23:32:24.477665,0.6069625020027161,0.8591460585594177,-2.65208797145533e-07,0.28561145067214966,0.7645993232727051,-0.07941819727420807,0.29588794708251953,0.5157548189163208,-0.11771697551012039
2025-07-14 23:32:24.778320,0.5910068154335022,0.8773284554481506,7.84262169872818e-07,0.348044753074646,0.774432897567749,-0.13710641860961914,0.3473763167858124,0.3585258722305298,-0.1421164870262146
2025-07-14 23:32:25.044544,0.5821710824966431,0.8649017214775085,8.768344059717492e-07,0.2919234037399292,0.733609139919281,-0.13340264558792114,0.3585994243621826,0.3047703206539154,-0.12695565819740295
2025-07-14 23:32:25.344089,0.5487833619117737,0.8693482875823975,7.972021194291301e-07,0.19915124773979187,0.7620171904563904,-0.1456061154603958,0.3060947358608246,0.2840741276741028,-0.13588902354240417
2025-07-14 23:32:25.645399,0.5413357615470886,0.8860454559326172,7.042663128231652e-07,0.1999323070049286,0.7538502812385559,-0.13977350294589996,0.3043261468410492,0.3052457869052887,-0.128989577293396
2025-07-14 23:32:25.944759,0.5477975010871887,0.8757032155990601,6.916287134117738e-07,0.2064225971698761,0.7544762492179871,-0.1388522982597351,0.3183369040489197,0.29193535447120667,-0.12018484622240067
2025-07-14 23:32:26.279288,0.5452947020530701,0.8734462261199951,7.06249920767732e-07,0.19444946944713593,0.7634158134460449,-0.14422933757305145,0.3066536486148834,0.2989862859249115,-0.11979211121797562
2025-07-14 23:32:26.579441,0.5405469536781311,0.8813844323158264,6.986941230024968e-07,0.18451528251171112,0.7940271496772766,-0.13510631024837494,0.29238152503967285,0.31497180461883545,-0.11751700192689896
2025-07-14 23:32:26.879133,0.5346406698226929,0.8878176212310791,7.074341397128592e-07,0.17880770564079285,0.8101353645324707,-0.1374950110912323,0.28452321887016296,0.318416565656662,-0.12027804553508759
2025-07-14 23:32:27.156186,0.5342893004417419,0.8885072469711304,6.84141355122847e-07,0.17672176659107208,0.8060808777809143,-0.13665108382701874,0.2838713824748993,0.31877416372299194,-0.12024743109941483
2025-07-14 23:32:27.446010,0.5335709452629089,0.8902403116226196,7.074991685840359e-07,0.17416810989379883,0.8066174983978271,-0.14036191999912262,0.284930557012558,0.3179996609687805,-0.12152637541294098
2025-07-14 23:32:27.746251,0.5316540598869324,0.8902182579040527,6.816953828092664e-07,0.17001646757125854,0.8070920705795288,-0.14034266769886017,0.2782928943634033,0.32048720121383667,-0.12464635819196701
2025-07-14 23:32:28.048015,0.5285491943359375,0.8908764719963074,6.967904937482672e-07,0.1676802784204483,0.8091654777526855,-0.14332258701324463,0.27302730083465576,0.32237204909324646,-0.1260208636522293
2025-07-14 23:32:28.346549,0.5219293832778931,0.8939365744590759,6.678474164800718e-07,0.15913061797618866,0.812140166759491,-0.13901729881763458,0.2645215392112732,0.32437655329704285,-0.12695203721523285
2025-07-14 23:32:28.646610,0.5220353603363037,0.9177452921867371,-2.406057149073604e-07,0.1774996817111969,0.7709391117095947,-0.15065515041351318,0.24965807795524597,0.31575241684913635,-0.165330171585083
2025-07-14 23:32:28.948578,0.5242766737937927,0.9102513194084167,-2.9382226784946397e-07,0.17653436958789825,0.7572941184043884,-0.14436426758766174,0.2636805772781372,0.2958426773548126,-0.15527649223804474
2025-07-14 23:32:29.281312,0.5150067806243896,0.9152677655220032,7.23285552339803e-07,0.15535257756710052,0.8413246273994446,-0.1691015660762787,0.290854275226593,0.3062363862991333,-0.16663961112499237
2025-07-14 23:32:29.583055,0.5051849484443665,0.9515314698219299,8.828167779029172e-07,0.17594283819198608,0.7427215576171875,-0.19127881526947021,0.31351229548454285,0.2970138192176819,-0.22301840782165527
2025-07-14 23:32:29.881208,0.5026389956474304,0.9503844976425171,9.557446674079983e-07,0.16644452512264252,0.724856436252594,-0.21249447762966156,0.30969148874282837,0.2693481743335724,-0.24144552648067474
2025-07-14 23:32:30.147982,0.5282920598983765,0.9453151822090149,1.017216050058778e-06,0.18105430901050568,0.7071546316146851,-0.2212781310081482,0.337988018989563,0.2247052788734436,-0.2499731481075287
2025-07-14 23:32:30.416811,0.5473438501358032,0.9274886846542358,1.075901650438027e-06,0.19035042822360992,0.6565338969230652,-0.24444426596164703,0.35587215423583984,0.15822544693946838,-0.2613980174064636
2025-07-14 23:32:30.748270,0.5581309199333191,0.9186312556266785,1.1470579011074733e-06,0.1903071403503418,0.6219127774238586,-0.26738351583480835,0.36912548542022705,0.10917666554450989,-0.29158392548561096
2025-07-14 23:32:31.082233,0.5503479242324829,0.9266950488090515,1.1500766277094954e-06,0.17864783108234406,0.6319448947906494,-0.2721005380153656,0.35558536648750305,0.1112864539027214,-0.29069721698760986
2025-07-14 23:32:31.382662,0.5300610065460205,0.8968115448951721,-7.748635084681155e-07,0.21118296682834625,0.5210347771644592,-0.16442157328128815,0.3519647717475891,0.48534226417541504,-0.1521025449037552
2025-07-14 23:32:31.715633,0.5449700355529785,0.9044615626335144,-1.0769874734251061e-06,0.30675211548805237,0.4842276871204376,-0.13974882662296295,0.39354565739631653,0.5779258608818054,-0.12820717692375183
2025-07-14 23:32:32.048874,0.5298863649368286,0.8656859397888184,-6.520950819322024e-07,0.24963395297527313,0.5427640080451965,-0.17609411478042603,0.37004315853118896,0.5412929058074951,-0.1560361087322235
2025-07-14 23:32:32.349807,0.5405119061470032,0.9610806107521057,1.2598306966538075e-06,0.14990964531898499,0.6585808396339417,-0.28744256496429443,0.32322511076927185,0.08781296014785767,-0.3442404270172119
2025-07-14 23:32:32.685349,0.5518133640289307,0.962077796459198,1.1152915249112993e-06,0.20240890979766846,0.5517834424972534,-0.2394533008337021,0.35904234647750854,0.06507847458124161,-0.27659305930137634
2025-07-14 23:32:32.985871,0.5666495561599731,0.9711021780967712,1.1374711448297603e-06,0.2369859218597412,0.533242404460907,-0.24917811155319214,0.3830719292163849,0.058514755219221115,-0.28656187653541565
2025-07-14 23:32:33.284008,0.573991060256958,0.9837929606437683,1.1040003755624639e-06,0.2543981373310089,0.519594132900238,-0.26316460967063904,0.40858039259910583,0.060474295169115067,-0.2936933636665344
2025-07-14 23:32:35.787085,0.18599049746990204,1.1892982721328735,9.40742495458835e-07,0.45256394147872925,0.7666078209877014,-0.17584161460399628,0.36779484152793884,0.4290522634983063,-0.23878920078277588
2025-07-14 23:32:36.119671,0.03199761360883713,1.1368838548660278,1.0041018185802386e-06,0.30751869082450867,0.6490063071250916,-0.1152772381901741,0.21279491484165192,0.3122663199901581,-0.1450943648815155
2025-07-14 23:32:36.428886,0.06088060140609741,0.9567124843597412,8.559191542190092e-07,0.1840861737728119,0.5502414703369141,-0.1233883947134018,0.10223370045423508,0.3418126702308655,-0.15758731961250305
2025-07-14 23:32:36.434108,0.02448534034192562,1.0525935888290405,4.415397825141554e-07,0.18635766208171844,0.5628330707550049,-0.014888942241668701,0.1125853881239891,0.35481491684913635,-0.013401675038039684
2025-07-14 23:32:36.697624,0.05547523871064186,0.8564276695251465,6.398377649929898e-07,0.22278130054473877,0.7439603805541992,-0.04750944674015045,0.21564841270446777,0.5871031880378723,-0.08876106888055801
2025-07-14 23:32:36.703126,0.14401835203170776,1.1229548454284668,2.794252509374928e-07,0.24677227437496185,0.7016837000846863,-0.046021219342947006,0.21540528535842896,0.5747432112693787,-0.07515588402748108
2025-07-14 23:32:59.616162,0.5532154440879822,0.7541776895523071,6.957178584343637e-07,0.15151876211166382,0.5649906992912292,-0.1395898014307022,0.12596562504768372,0.22412249445915222,-0.154281884431839
2025-07-14 23:32:59.945392,0.5031174421310425,0.754766583442688,5.374234319788229e-07,0.1546446830034256,0.4772963225841522,-0.1465025097131729,0.3143293261528015,0.05702456831932068,-0.12900084257125854
2025-07-14 23:33:00.282084,0.522174596786499,0.7757135629653931,4.790425123246678e-07,0.1439046710729599,0.5179221630096436,-0.1484483927488327,0.25606846809387207,0.09211233258247375,-0.13965067267417908
2025-07-14 23:33:00.611366,0.5154841542243958,0.7916035652160645,5.567255243477121e-07,0.12777888774871826,0.538245439529419,-0.15602503716945648,0.2455979436635971,0.10471517592668533,-0.14859342575073242
2025-07-14 23:33:00.944897,0.5044647455215454,0.8004003167152405,5.588613589679881e-07,0.10662873834371567,0.5590904355049133,-0.16762061417102814,0.22436979413032532,0.11717375367879868,-0.16323143243789673
2025-07-14 23:33:01.278390,0.4985339045524597,0.7965154647827148,5.76308252675517e-07,0.10086961090564728,0.5615752935409546,-0.16877612471580505,0.2218007743358612,0.11748836189508438,-0.16668535768985748
2025-07-14 23:33:01.612245,0.5104697942733765,0.7905441522598267,5.704669092665426e-07,0.10689549893140793,0.5678412318229675,-0.15642914175987244,0.2290261685848236,0.1005442664027214,-0.14431285858154297
2025-07-14 23:33:01.949981,0.5203429460525513,0.7960009574890137,8.612354349679663e-07,0.10150458663702011,0.5928918719291687,-0.1652592569589615,0.22100353240966797,0.10780300945043564,-0.17282280325889587
2025-07-14 23:33:02.281382,0.5317246317863464,0.7991539239883423,8.713736860954668e-07,0.11351241171360016,0.6029897928237915,-0.17515400052070618,0.2184246927499771,0.11379045248031616,-0.17046040296554565
2025-07-14 23:33:02.612249,0.5567821860313416,0.8440452218055725,9.965148137780488e-07,0.1452765315771103,0.597830593585968,-0.17075815796852112,0.2816612422466278,0.08178054541349411,-0.15139810740947723
2025-07-14 23:33:02.947904,0.6049119830131531,0.9223935604095459,4.084407407844992e-07,0.20530642569065094,0.6343831419944763,-0.16361387073993683,0.2699260115623474,0.17083483934402466,-0.15738174319267273
2025-07-14 23:33:03.283837,0.5839695930480957,0.8959938883781433,-3.5701603451343544e-07,0.19580605626106262,0.560584545135498,-0.0885140597820282,0.22098349034786224,0.4094052314758301,-0.1327890306711197
2025-07-14 23:33:03.615696,0.5687897801399231,0.8849151134490967,-3.491179541015299e-07,0.23282407224178314,0.5367720127105713,-0.09748290479183197,0.22376085817813873,0.44926175475120544,-0.126168355345726
2025-07-14 23:33:03.949609,0.5616258382797241,0.886841893196106,-2.125789819729107e-07,0.2467871755361557,0.5121299624443054,-0.08270616084337234,0.19807608425617218,0.4372454285621643,-0.10940780490636826
2025-07-14 23:33:04.283715,0.5723092555999756,0.9123053550720215,-2.05405328301822e-07,0.31532299518585205,0.5519072413444519,-0.08984807133674622,0.15818294882774353,0.46077173948287964,-0.08988311141729355
2025-07-14 23:33:04.615314,0.5656529068946838,0.9384972453117371,-4.659120236283343e-07,0.23058545589447021,0.5976622700691223,-0.07208617031574249,0.14931656420230865,0.556189775466919,-0.12901251018047333
2025-07-14 23:33:04.947345,0.5405961275100708,0.9221256971359253,-9.909385880746413e-07,0.15682856738567352,0.5472751259803772,-0.05467215180397034,0.23500920832157135,0.5399329662322998,-0.08208725601434708
2025-07-14 23:33:05.283301,0.513573169708252,0.8936261534690857,8.036730037019879e-07,0.07113563269376755,0.748587965965271,-0.20400044322013855,0.07386380434036255,0.23328596353530884,-0.22766603529453278
2025-07-14 23:33:05.617158,0.504243791103363,0.9183813333511353,1.1928071899092174e-06,0.027015911415219307,0.7955141067504883,-0.2751341760158539,0.053191088140010834,0.15838903188705444,-0.3092869520187378
2025-07-14 23:33:05.949844,0.49942171573638916,0.9769126772880554,1.2570687886181986e-06,0.015084699727594852,0.866229236125946,-0.29541075229644775,0.03397805988788605,0.15869413316249847,-0.3365587890148163
2025-07-14 23:33:06.286131,0.5049920082092285,1.2032328844070435,1.086430529539939e-06,-0.07312885671854019,1.0057393312454224,-0.2527877390384674,-0.1053185686469078,0.28355884552001953,-0.31453874707221985
2025-07-14 23:33:06.615748,0.35175079107284546,1.5447150468826294,9.974237400456332e-07,-0.2599431574344635,0.9196672439575195,-0.19617605209350586,-0.2048816680908203,0.43829411268234253,-0.31793051958084106
2025-07-14 23:33:08.789231,0.6150249242782593,1.1245602369308472,-8.057915010795114e-07,0.38643690943717957,0.7818564772605896,-0.17301228642463684,0.21684017777442932,0.3612365424633026,-0.19332560896873474
2025-07-14 23:33:09.149287,0.6732796430587769,1.0466336011886597,-5.297839607010246e-07,0.5074374675750732,0.6418271064758301,-0.15604005753993988,0.37573209404945374,0.28397026658058167,-0.14884111285209656
2025-07-14 23:33:09.481720,0.6746589541435242,1.0398643016815186,-4.682637211317342e-07,0.5189200639724731,0.6351213455200195,-0.15935109555721283,0.38303887844085693,0.2634959816932678,-0.15817564725875854
2025-07-14 23:33:09.812973,0.6801379323005676,1.034651756286621,-4.654052645491902e-07,0.5264581441879272,0.6198000907897949,-0.16194914281368256,0.38550499081611633,0.2467055767774582,-0.16141477227210999
2025-07-14 23:33:10.147535,0.668046772480011,1.0287288427352905,-5.102122031530598e-07,0.5152280926704407,0.6182319521903992,-0.15613780915737152,0.3739568591117859,0.24553439021110535,-0.16042231023311615
2025-07-14 23:33:10.481847,0.6649982333183289,1.024601936340332,-4.864746188104618e-07,0.5076267719268799,0.6126424074172974,-0.15573498606681824,0.36651650071144104,0.23656655848026276,-0.1554795205593109
2025-07-14 23:33:10.815110,0.6443436741828918,0.9910930395126343,-4.626164695764601e-07,0.4803532361984253,0.5866989493370056,-0.15494729578495026,0.34109294414520264,0.2179364264011383,-0.154638409614563
2025-07-14 23:33:11.145386,0.6324635744094849,0.9635550379753113,-4.785728151546209e-07,0.4580234885215759,0.5609127879142761,-0.1555231809616089,0.3224825859069824,0.2048356831073761,-0.15383030474185944
2025-07-14 23:33:11.482521,0.6204940676689148,1.1504524946212769,-6.205482918630878e-07,0.4182763993740082,0.8507108092308044,-0.16211611032485962,0.3979019224643707,0.4231257736682892,-0.18594741821289062
2025-07-14 23:58:16.372219,0.5545276999473572,0.6175587773323059,4.5554662619906594e-07,0.17866353690624237,0.6553057432174683,-0.09641429036855698,0.054750956594944,0.40156054496765137,-0.12022657692432404
2025-07-14 23:58:16.673546,0.45730429887771606,0.5198568105697632,5.57739156192838e-07,0.06886807829141617,0.5893833637237549,-0.1262371689081192,-0.03942957520484924,0.2728225588798523,-0.14116837084293365
2025-07-14 23:58:16.907212,0.5324780941009521,0.5247285962104797,6.672695462839329e-07,0.1413925141096115,0.5868145227432251,-0.1619333028793335,0.01866649091243744,0.23588372766971588,-0.18357746303081512
2025-07-14 23:58:17.206919,0.5660192966461182,0.5801728963851929,8.021319217732525e-07,0.1424272358417511,0.7008146047592163,-0.1949775069952011,-0.0020658541470766068,0.29220977425575256,-0.20996105670928955
2025-07-14 23:58:17.507136,0.5558952689170837,0.611276388168335,7.415531513288443e-07,0.091945581138134,0.7593300938606262,-0.20092171430587769,-0.04378824681043625,0.33458447456359863,-0.19748619198799133
2025-07-14 23:58:17.806861,0.5894765853881836,0.6482730507850647,8.720649589122331e-07,0.0643087700009346,0.8110174536705017,-0.24074985086917877,-0.10446708649396896,0.2997073531150818,-0.2423972189426422
2025-07-14 23:58:18.072801,0.6421113014221191,0.7097746729850769,1.0948534736598958e-06,0.05126845836639404,0.9420735836029053,-0.3228939175605774,-0.20345501601696014,0.3888523280620575,-0.3539680242538452
2025-07-14 23:58:18.373197,0.6573103070259094,0.7104845643043518,1.0074021474792971e-06,0.052679263055324554,0.9336684942245483,-0.2991037964820862,-0.13816280663013458,0.39258241653442383,-0.30580687522888184
2025-07-14 23:58:18.707825,0.6858235597610474,0.6875273585319519,1.2683144632319454e-06,0.08655691891908646,0.9162895679473877,-0.33714431524276733,-0.07594802230596542,0.3761853873729706,-0.32741856575012207
2025-07-14 23:58:18.973419,0.6996927857398987,0.702713131904602,-1.5698395827712375e-07,0.08376573026180267,0.7792023420333862,-0.22423096001148224,-0.08564874529838562,0.40194645524024963,-0.2046310156583786
2025-07-14 23:58:19.241724,0.6517476439476013,0.6476977467536926,-1.2186704907435342e-06,0.3557935059070587,0.9033092856407166,-0.27822184562683105,0.5685293674468994,0.7610618472099304,-0.32235944271087646
2025-07-14 23:58:19.541030,0.7123837471008301,0.5991641283035278,-4.62989362404187e-07,0.4562792479991913,0.7630321979522705,-0.32141008973121643,0.500159502029419,0.539406418800354,-0.35155776143074036
2025-07-14 23:58:19.807448,0.7177131772041321,0.6415859460830688,-4.783573785971384e-07,0.2875291407108307,0.7481467723846436,-0.2078574299812317,0.017997819930315018,0.5110449194908142,-0.25220155715942383
2025-07-14 23:58:20.141354,0.6762229800224304,0.5695677995681763,-2.69743878789086e-07,0.7787656784057617,0.5647814869880676,-0.3674545884132385,0.7540348768234253,0.4802715480327606,-0.40065985918045044
2025-07-14 23:58:20.441865,0.7132917642593384,0.628341794013977,-8.720867583633662e-08,0.3461180031299591,0.6525641083717346,-0.24176713824272156,0.036831632256507874,0.49330636858940125,-0.3147932291030884
2025-07-14 23:58:20.741949,0.7902933359146118,0.7930476665496826,-1.2457362572604325e-06,0.4615423083305359,0.8834441900253296,-0.2113407403230667,0.5982411503791809,0.7889772653579712,-0.2519633173942566
2025-07-15 00:43:13.554078,0.6774208545684814,1.011139988899231,1.0962576197925955e-06,0.33106809854507446,0.9052690863609314,-0.18773551285266876,0.23509345948696136,0.4375961124897003,-0.28354400396347046
2025-07-15 00:43:13.841238,0.8139880895614624,1.0843572616577148,5.992138767396682e-07,0.299632728099823,0.9047933220863342,-0.14305759966373444,0.34993550181388855,0.4011572003364563,-0.13217350840568542
2025-07-15 00:43:14.141936,0.7813824415206909,1.1812853813171387,3.8156122172949836e-07,0.3645564317703247,0.9914459586143494,-0.1516995131969452,0.2844628691673279,0.47052088379859924,-0.19984716176986694
2025-07-15 00:43:14.407441,0.7992461919784546,1.1948035955429077,1.798854185608434e-07,0.33951470255851746,0.9295529723167419,-0.1334170550107956,0.30654996633529663,0.4401922821998596,-0.19302532076835632
2025-07-15 00:43:14.676641,0.8081862330436707,1.228724479675293,1.9535494288902555e-07,0.3420277237892151,0.9233503937721252,-0.15138015151023865,0.3475147783756256,0.39365240931510925,-0.20434416830539703
2025-07-15 00:43:14.943152,0.8012629151344299,1.274956226348877,2.916081029979978e-07,0.3281369209289551,0.9048213362693787,-0.152297243475914,0.40080389380455017,0.32562997937202454,-0.17973677814006805
2025-07-15 00:43:15.275317,0.7611351609230042,1.3371680974960327,3.286905609911628e-07,0.28347307443618774,0.8910309076309204,-0.17209835350513458,0.41853609681129456,0.3020496368408203,-0.1832370012998581
2025-07-15 00:43:15.542707,0.7933552861213684,1.3081861734390259,5.019333002564963e-07,0.28165531158447266,0.9601238965988159,-0.21475929021835327,0.3175559937953949,0.3582276701927185,-0.2843696177005768
2025-07-15 00:43:15.875861,0.7464889287948608,1.2724614143371582,8.163624443113804e-07,0.1937980055809021,1.0791893005371094,-0.19587211310863495,0.11737910658121109,0.4882960915565491,-0.2936803102493286
2025-07-15 00:43:21.744692,0.8866994380950928,1.0921269655227661,-1.3920096080255462e-06,0.612181544303894,0.858849823474884,-0.11792599409818649,0.7087332606315613,0.46310803294181824,-0.15899363160133362
2025-07-15 00:43:21.749161,0.8584495186805725,1.0194809436798096,-4.7114127710301545e-07,0.6157902479171753,0.8579481840133667,-0.14658263325691223,0.7269428372383118,0.45566636323928833,-0.20423202216625214
2025-07-15 00:43:21.970173,0.8264394402503967,0.9789156317710876,-7.430294317600783e-07,0.5014471411705017,0.6881597638130188,-0.1537250280380249,0.5753936767578125,0.23397675156593323,-0.22422277927398682
2025-07-15 00:43:22.268465,0.8039028644561768,1.0456209182739258,-1.0080837000714382e-06,0.474682092666626,0.814651608467102,-0.17290213704109192,0.49550360441207886,0.3040516674518585,-0.21870827674865723
2025-07-15 00:43:22.602671,0.7587142586708069,0.9501506090164185,-6.980571356507426e-07,0.41131195425987244,0.6679877042770386,-0.17695295810699463,0.4113108813762665,0.09168434888124466,-0.2508615255355835
2025-07-15 00:43:22.904929,0.7263202667236328,1.1891019344329834,-1.067214952854556e-06,0.4437403380870819,0.9077125191688538,-0.21391554176807404,0.39305993914604187,0.22295407950878143,-0.2904069721698761
2025-07-15 00:43:23.205550,0.8307562470436096,1.1602365970611572,-9.342279554402921e-07,0.5183951258659363,0.8932466506958008,-0.19584393501281738,0.4824744760990143,0.18132705986499786,-0.29406511783599854
2025-07-15 00:43:23.502510,0.8298131823539734,1.2302720546722412,-8.543680678485543e-07,0.5381277203559875,0.9385812282562256,-0.2605164349079132,0.5389953255653381,0.1557919681072235,-0.32720112800598145
2025-07-15 00:43:23.771489,0.8070971369743347,1.2146143913269043,-5.776001898993854e-07,0.535315990447998,0.9645320773124695,-0.27943047881126404,0.6328950524330139,0.16122496128082275,-0.3415610194206238
2025-07-15 00:43:24.104623,0.8172818422317505,1.2074707746505737,-5.900487849430647e-07,0.5412821173667908,0.9580898284912109,-0.2691541612148285,0.5869140625,0.1602814793586731,-0.3339664041996002
2025-07-15 00:43:24.403953,0.8344395756721497,1.222686767578125,-7.102253789526003e-07,0.5411391854286194,0.9663011431694031,-0.2713186740875244,0.5692273378372192,0.15776842832565308,-0.3481656312942505
2025-07-15 00:43:24.739042,0.8334595561027527,1.2267385721206665,-7.351464432758803e-07,0.5387422442436218,0.9536024928092957,-0.2810026705265045,0.560275137424469,0.15714704990386963,-0.35070520639419556
2025-07-15 00:43:25.039514,0.8538751006126404,1.2227795124053955,-7.41980841212353e-07,0.5419204235076904,0.9703161716461182,-0.2685658633708954,0.560329794883728,0.15243811905384064,-0.34226536750793457
2025-07-15 00:43:25.371111,0.8539288640022278,1.237467646598816,-6.271678785196855e-07,0.5478736758232117,0.9775571227073669,-0.2822689116001129,0.5646947026252747,0.1504187285900116,-0.356550395488739
2025-07-15 00:43:25.704224,0.8696877360343933,1.2318453788757324,-1.026982886287442e-06,0.5186813473701477,0.9978552460670471,-0.26711320877075195,0.4889228343963623,0.2601017355918884,-0.3225891888141632
2025-07-15 00:43:26.004914,0.9134349822998047,1.1264877319335938,-9.509447522759729e-07,0.40731436014175415,0.8538525104522705,-0.21690873801708221,0.47456568479537964,0.9326117038726807,-0.3374088406562805
2025-07-15 00:43:26.304539,0.8714221715927124,1.1928175687789917,1.372472695493343e-07,0.4476606547832489,0.8775573968887329,-0.21247608959674835,0.5359631776809692,0.9653192758560181,-0.28040146827697754
2025-07-15 00:43:26.606474,0.9242363572120667,1.259380578994751,5.396179290073633e-07,0.4711237847805023,0.8952783346176147,-0.20867997407913208,0.5641984939575195,0.7066367268562317,-0.24019229412078857
2025-07-15 00:43:26.906098,0.9430367350578308,1.2746690511703491,3.5360346828383626e-07,0.46534690260887146,0.8924139142036438,-0.20874756574630737,0.5732102990150452,0.9243660569190979,-0.2606784999370575
2025-07-15 00:43:27.206193,0.9316301345825195,1.2789443731307983,2.510921603970928e-07,0.47153130173683167,0.8944854736328125,-0.21012946963310242,0.5521395802497864,0.9524534344673157,-0.2579476237297058
2025-07-15 00:43:27.505924,0.8860273957252502,1.2625483274459839,1.9637361958757538e-07,0.46886542439460754,0.8898442387580872,-0.2209160178899765,0.544503390789032,1.0029293298721313,-0.2689055800437927
2025-07-15 00:43:27.806017,0.8808832764625549,1.0142130851745605,-1.4557274425897049e-06,0.5143717527389526,0.8421355485916138,-0.1831965446472168,0.6113171577453613,0.895685076713562,-0.24035559594631195
2025-07-15 00:43:28.039184,0.8480452299118042,0.9787790179252625,-1.2344407878117636e-06,0.5619382262229919,0.5189216732978821,-0.19383810460567474,0.6820847988128662,0.8093168139457703,-0.26081106066703796
2025-07-15 00:43:28.306025,0.8760716319084167,1.0401639938354492,-1.7026030718625407e-06,0.599817156791687,0.46215465664863586,-0.1656247079372406,0.6860218048095703,0.8753494024276733,-0.23092010617256165
2025-07-15 00:43:28.573804,0.8893665671348572,1.0248498916625977,-1.760453415045049e-06,0.629166305065155,0.47250092029571533,-0.13680338859558105,0.6923338770866394,0.9207389950752258,-0.2134542167186737
2025-07-15 00:43:28.873122,0.8453104496002197,0.9946210980415344,-1.7302861579082673e-06,0.6763460040092468,0.5236090421676636,-0.1749594360589981,0.6993405222892761,0.9349010586738586,-0.24564483761787415
2025-07-15 00:43:29.207637,0.8716552257537842,1.0613219738006592,-1.4395258176591597e-06,0.5462631583213806,0.6968311667442322,-0.24044927954673767,0.711968719959259,0.9551585912704468,-0.2578478157520294
2025-07-15 00:43:29.473492,0.8996820449829102,1.090722680091858,-1.7600011688045925e-06,0.5451175570487976,0.5538236498832703,-0.22296510636806488,0.713783860206604,0.9679062366485596,-0.29011863470077515
2025-07-15 00:43:29.807731,0.8476226925849915,0.9634045958518982,-1.0540210269027739e-06,0.6240856051445007,0.6940732002258301,-0.2324294149875641,0.7119569182395935,0.9073079228401184,-0.2724114656448364
2025-07-15 00:43:30.141471,0.8924342393875122,1.1124683618545532,-1.6978647181531414e-06,0.4947704076766968,0.5843552350997925,-0.25096768140792847,0.7274672389030457,0.9537150859832764,-0.33196184039115906
2025-07-15 00:43:30.408575,0.8592798113822937,1.1011828184127808,-1.7048081417669891e-06,0.6500130891799927,0.5488770008087158,-0.20181602239608765,0.728929877281189,0.938835084438324,-0.2510099411010742
2025-07-15 00:43:30.741542,0.8248434066772461,1.026124358177185,-1.0601198709991877e-06,0.5596730709075928,0.5660582184791565,-0.2148256152868271,0.7492561340332031,0.92125403881073,-0.2646036744117737
2025-07-15 00:43:31.074513,0.87624192237854,1.1629136800765991,-1.770375888554554e-06,0.3725895285606384,0.8084163665771484,-0.23789571225643158,0.7270669341087341,0.9553278684616089,-0.28965669870376587
2025-07-15 00:43:31.409022,0.8758604526519775,1.24857759475708,-1.811713900679024e-06,0.3825824558734894,0.7345924973487854,-0.2454206794500351,0.7245088219642639,0.9892115592956543,-0.29227811098098755
2025-07-15 00:43:31.674772,0.8635337948799133,1.2298567295074463,-1.8708808511291863e-06,0.4908950924873352,0.6164799928665161,-0.20396627485752106,0.7142412066459656,0.9986435174942017,-0.23353230953216553
2025-07-15 00:43:31.975765,0.8478612899780273,1.2310947179794312,-1.9376159343664767e-06,0.4461940824985504,0.714447557926178,-0.17498044669628143,0.5974835753440857,0.9239502549171448,-0.19481569528579712
2025-07-15 00:43:32.275244,0.925943911075592,1.1959524154663086,-1.6459206335639465e-06,0.5334807634353638,1.0538493394851685,-0.16352909803390503,0.6094679236412048,1.1948717832565308,-0.21009305119514465
2025-07-15 00:43:32.543468,0.9408535361289978,0.9019118547439575,-7.814666105332435e-07,0.6740771532058716,0.32423582673072815,-0.06033383309841156,0.7735884785652161,0.5347991585731506,-0.12416098266839981
2025-07-15 00:43:33.175904,0.7472549080848694,0.7644675374031067,-7.781685553709394e-07,0.7680209875106812,0.0661613941192627,-0.0981932133436203,0.7508622407913208,0.23859013617038727,-0.17260169982910156
2025-07-15 00:43:33.476239,0.8276116251945496,0.8004513382911682,-4.121153551750467e-07,0.5069166421890259,0.2924610674381256,-0.03308209031820297,0.4154530167579651,0.5719484686851501,-0.09769769757986069
2025-07-15 00:43:33.752723,0.611404299736023,0.725064218044281,-1.1044498933188152e-06,0.22053654491901398,0.7166938781738281,-0.32061171531677246,0.40802186727523804,0.824900209903717,-0.3524041473865509
2025-07-15 00:43:33.756912,0.7024107575416565,0.8493378758430481,-1.1454304740254884e-06,0.20296315848827362,0.7534959316253662,-0.23097583651542664,0.42253226041793823,0.8826059103012085,-0.2824424207210541
2025-07-15 00:43:34.010800,0.6801775097846985,1.0541269779205322,-1.9173937744199065e-06,0.3282144367694855,0.4969519376754761,-0.04079555347561836,0.38187912106513977,0.6951517462730408,-0.0993046835064888
2025-07-15 00:43:34.345769,0.7044247388839722,1.017612338066101,-1.8904214584836154e-06,0.3351140022277832,0.457145631313324,-0.07705789059400558,0.38138723373413086,0.6477884650230408,-0.13756369054317474
2025-07-15 00:43:34.676583,0.724388599395752,1.0210049152374268,-1.8650736137715285e-06,0.3491905927658081,0.4309714734554291,-0.07256871461868286,0.3773573040962219,0.6307007074356079,-0.12378552556037903
2025-07-15 00:43:34.976972,0.7241203188896179,1.0157501697540283,-1.8843916222976986e-06,0.3484404385089874,0.43877989053726196,-0.07577510923147202,0.39573174715042114,0.6401110291481018,-0.12374522536993027
2025-07-15 00:43:35.213478,0.7094069123268127,1.002066969871521,-1.8412612234897097e-06,0.34181103110313416,0.45223650336265564,-0.0750335305929184,0.3878571391105652,0.6464012861251831,-0.12785591185092926
2025-07-15 00:43:35.512232,0.7242339849472046,0.9415256977081299,-1.5075871715453104e-06,0.45052477717399597,0.3841986358165741,-0.07711420953273773,0.4153922498226166,0.6264030337333679,-0.13419032096862793
2025-07-15 00:43:35.811584,0.7171297669410706,0.8844236135482788,-1.4967666857046424e-06,0.3744834363460541,0.3996730446815491,-0.08629854023456573,0.44562384486198425,0.629835307598114,-0.14355915784835815
2025-07-15 00:43:36.144727,0.6859948635101318,0.852586567401886,-1.4121137610345613e-06,0.34578797221183777,0.4109748601913452,-0.09399089962244034,0.42418450117111206,0.6335942149162292,-0.1581638604402542
2025-07-15 00:43:36.411951,0.701970100402832,0.84543776512146,-1.2497183661253075e-06,0.3663804531097412,0.38223978877067566,-0.10937599092721939,0.440270334482193,0.6253178715705872,-0.171864315867424
2025-07-15 00:43:36.745391,0.6739600300788879,0.8495099544525146,-1.4158114254314569e-06,0.3608091473579407,0.402010053396225,-0.09307754039764404,0.4294876456260681,0.6204856038093567,-0.1612742394208908
2025-07-15 00:43:37.046969,0.6675338745117188,0.8412674069404602,-1.2611800457307254e-06,0.3690856993198395,0.3863756060600281,-0.10298259556293488,0.42333564162254333,0.6139559149742126,-0.1637941300868988
2025-07-15 00:43:37.345692,0.7105929255485535,0.8448731303215027,-1.2526845694083022e-06,0.3869890868663788,0.38542044162750244,-0.09934155642986298,0.4307759404182434,0.6286764144897461,-0.16002973914146423
2025-07-15 00:43:37.679335,0.6909754276275635,0.8504999876022339,-1.317872488471039e-06,0.3889086842536926,0.38391974568367004,-0.09540878981351852,0.40750399231910706,0.6306504607200623,-0.15368185937404633
2025-07-15 00:43:38.012930,0.6849095225334167,0.865351676940918,-1.3349226719583385e-06,0.3668321669101715,0.41668206453323364,-0.09239490330219269,0.4040360748767853,0.6333455443382263,-0.14363254606723785
2025-07-15 00:43:38.312966,0.659526526927948,0.8321236968040466,-1.4615017107644235e-06,0.3276604413986206,0.40855351090431213,-0.16077609360218048,0.3656176030635834,0.6826121807098389,-0.21226955950260162
2025-07-15 00:43:38.613335,0.6559555530548096,0.8300237655639648,-1.2286315040910267e-06,0.418384313583374,0.7321912050247192,-0.4138827621936798,0.2106754630804062,0.7906715869903564,-0.45717087388038635
2025-07-15 00:43:41.015262,0.8914116024971008,0.881585419178009,-4.318335982134158e-07,0.7954712510108948,0.1692579984664917,-0.0756981149315834,0.4055778980255127,0.21606333553791046,-0.23263686895370483
2025-07-15 00:43:41.281219,0.9304754137992859,0.8480945229530334,-4.508824957838442e-08,0.8286027312278748,0.12268824130296707,-0.06657515466213226,0.4098420739173889,0.23717647790908813,-0.18084487318992615
2025-07-15 00:43:41.615687,0.9274887442588806,0.833092987537384,1.990154743225503e-07,0.821631908416748,0.11551803350448608,-0.0798489972949028,0.42199501395225525,0.23200145363807678,-0.1694352775812149
2025-07-15 00:43:41.949818,0.9182443618774414,0.8538263440132141,6.415878601728764e-07,0.8445521593093872,0.13672205805778503,-0.12523552775382996,0.3840067684650421,0.2031203657388687,-0.20005390048027039
2025-07-15 00:43:42.249152,0.9288458228111267,0.8539103865623474,1.4115946669335244e-06,0.929615318775177,0.17853164672851562,-0.14396783709526062,0.3738483190536499,0.1369876116514206,-0.20652465522289276
2025-07-15 00:43:42.582380,0.9374330043792725,0.8699901103973389,1.384368488288601e-06,0.9477603435516357,0.19274795055389404,-0.1322830319404602,0.37988078594207764,0.11230689287185669,-0.20967034995555878
2025-07-15 00:43:42.915926,0.9333656430244446,0.880861759185791,1.3228202533355216e-06,0.9493358135223389,0.18408873677253723,-0.14429551362991333,0.37054744362831116,0.12664760649204254,-0.23132014274597168
2025-07-15 00:43:43.249557,0.9300261735916138,0.8752298951148987,1.3621254311146913e-06,0.9363197088241577,0.19136983156204224,-0.15186023712158203,0.36160188913345337,0.1334603726863861,-0.23564045131206512
2025-07-15 00:43:43.550264,0.9292378425598145,0.8803498148918152,1.2646341929212213e-06,0.9264882206916809,0.19132016599178314,-0.14383921027183533,0.36141613125801086,0.14116966724395752,-0.22261807322502136
2025-07-15 00:43:43.883560,0.9325174689292908,0.8780249953269958,1.2623780776266358e-06,0.9313063025474548,0.1882464587688446,-0.1370314061641693,0.36490097641944885,0.13344065845012665,-0.21515557169914246
2025-07-15 00:43:44.217521,0.9275920987129211,0.8762969970703125,1.221149432240054e-06,0.92476487159729,0.1896679848432541,-0.13764509558677673,0.3646421730518341,0.13699418306350708,-0.21749438345432281
2025-07-15 00:43:44.553209,0.920809805393219,0.8706316351890564,1.324346612818772e-06,0.9119007587432861,0.20001302659511566,-0.14172111451625824,0.35778501629829407,0.1488499939441681,-0.21091210842132568
2025-07-15 00:43:44.883651,0.9204270243644714,0.8702700734138489,1.4863431943012984e-06,0.8613167405128479,0.21906985342502594,-0.147223100066185,0.3212231993675232,0.18005764484405518,-0.24396750330924988
2025-07-15 00:43:45.226818,0.8914524912834167,0.7917875647544861,2.4191487568714365e-07,0.6205897331237793,0.3065800368785858,-0.144029438495636,0.3412324786186218,0.44050362706184387,-0.2956032454967499
2025-07-15 00:43:45.230955,0.9338523149490356,0.9354563355445862,2.352006163164333e-07,0.48969826102256775,0.5010148882865906,-0.025052223354578018,0.24369551241397858,0.32799822092056274,-0.18696916103363037
2025-07-15 00:43:45.485149,0.8965007066726685,1.075494647026062,-1.166984134215454e-06,0.3924151360988617,0.601594865322113,-0.13193045556545258,0.2522342801094055,0.33832868933677673,-0.28180375695228577
2025-07-15 00:43:45.751513,0.8956690430641174,1.088058352470398,-9.598218184692087e-07,0.4041571319103241,0.6724657416343689,-0.17177289724349976,0.24648351967334747,0.3320840299129486,-0.311612993478775
2025-07-15 00:43:46.039848,0.9064303040504456,1.0723285675048828,-1.0306255262548802e-06,0.39752569794654846,0.6625956296920776,-0.14449851214885712,0.22970843315124512,0.3679196536540985,-0.28684890270233154
2025-07-15 00:43:46.286077,0.9111065864562988,1.0712997913360596,-1.0032823638539412e-06,0.4058402478694916,0.6981241703033447,-0.1623271256685257,0.21809571981430054,0.43144091963768005,-0.27361753582954407
2025-07-15 00:43:46.552067,0.8502343893051147,1.000968098640442,-1.0229089184576878e-06,0.45752647519111633,0.786217987537384,-0.2906682789325714,0.2862599194049835,0.6038699746131897,-0.47744622826576233
2025-07-15 00:43:46.884688,0.8707653284072876,0.9662275314331055,-9.352988854516298e-07,0.43326979875564575,0.8820427060127258,-0.22293755412101746,0.25360456109046936,0.8213247656822205,-0.3610607087612152
2025-07-15 00:43:47.221579,0.8011457324028015,1.1457544565200806,-1.8609990775075858e-06,0.364204078912735,0.787830650806427,-0.14255179464817047,0.2347606122493744,0.9130247235298157,-0.23558083176612854
2025-07-15 00:43:47.553317,0.7061148881912231,0.9826540946960449,-1.1637965258159966e-07,0.7418608665466309,0.8203220367431641,-0.06934309005737305,0.8239611387252808,0.8553292751312256,-0.06452852487564087
2025-07-15 00:43:47.885369,0.7166446447372437,0.9537397623062134,7.677256164129176e-09,0.7741653323173523,0.8677946329116821,-0.05395686998963356,0.8513159155845642,0.8767075538635254,-0.06351257115602493
2025-07-15 00:43:48.221178,0.7179793119430542,0.9735825657844543,2.306513735561566e-08,0.7715246677398682,0.8578057289123535,-0.05466529354453087,0.8545218110084534,0.8786287307739258,-0.05795236676931381
2025-07-15 00:43:48.554736,0.7219060063362122,0.977496862411499,-3.132977655084801e-09,0.7749990224838257,0.8598537445068359,-0.05941186472773552,0.8513547778129578,0.8785491585731506,-0.06255687028169632
2025-07-15 00:43:48.888169,0.7218505144119263,0.9766098856925964,1.6584619899617792e-08,0.780837893486023,0.860486626625061,-0.06094430759549141,0.8504356145858765,0.8813081383705139,-0.06562843173742294
2025-07-15 00:43:49.187274,0.7228752970695496,0.9766941070556641,-2.2522348430698003e-08,0.778514564037323,0.8581871390342712,-0.06129055842757225,0.8470057845115662,0.882664680480957,-0.06114573776721954
2025-07-15 00:43:49.488318,0.7210426926612854,0.9745671153068542,1.1853695802699349e-08,0.7755311727523804,0.8564085960388184,-0.06570065021514893,0.8494139909744263,0.8778907656669617,-0.06954210251569748
2025-07-15 00:43:49.820829,0.7247914671897888,0.9804207682609558,1.9117596394835346e-08,0.7782664895057678,0.8565682172775269,-0.05506942421197891,0.8491776585578918,0.8807665109634399,-0.05765500292181969
2025-07-15 00:43:50.122127,0.7233022451400757,0.9802290797233582,-6.706823540980622e-09,0.7660998106002808,0.8535823822021484,-0.06143118068575859,0.8495475649833679,0.8837661147117615,-0.06224701926112175
2025-07-15 00:43:50.421290,0.7197631597518921,0.9731624126434326,2.9412872137868362e-08,0.771431565284729,0.863921046257019,-0.06463451683521271,0.8504341244697571,0.8810699582099915,-0.06931605935096741
2025-07-15 00:43:50.687818,0.7217140197753906,0.962715208530426,7.505428811782622e-08,0.7755904197692871,0.8689725995063782,-0.05648468807339668,0.8528398275375366,0.8823345303535461,-0.06227760389447212
2025-07-15 00:43:50.987594,0.7200969457626343,0.9668000340461731,2.0861071092781458e-08,0.7840215563774109,0.874362051486969,-0.05333724617958069,0.8524171113967896,0.8878926634788513,-0.061122190207242966
2025-07-15 00:43:51.320756,0.7227252721786499,0.9691222310066223,1.1095094976099062e-07,0.778302788734436,0.858182430267334,-0.042183928191661835,0.8546473383903503,0.8891621828079224,-0.04071599245071411
2025-07-15 00:43:51.622026,0.7178264856338501,0.9663506746292114,8.24049450898201e-08,0.7667160630226135,0.8573050498962402,-0.059448160231113434,0.8498774766921997,0.8818820714950562,-0.06405474990606308
2025-07-15 00:43:51.957927,0.7140987515449524,0.9743402600288391,1.398575051325679e-07,0.7507534027099609,0.8270426988601685,-0.06195088475942612,0.8395511507987976,0.862701952457428,-0.06724563241004944
2025-07-15 00:43:52.290343,0.7259740233421326,1.0205292701721191,-2.953179887299484e-07,0.7370595932006836,0.79239821434021,-0.018966905772686005,0.8227717280387878,0.8573498725891113,0.00903040450066328
2025-07-15 00:43:52.623525,0.7200601696968079,1.028133511543274,-2.9443557991726266e-07,0.7456479072570801,0.7937542200088501,-0.01655586063861847,0.83266681432724,0.8594887256622314,0.016550686210393906
2025-07-15 00:43:52.922575,0.7124496698379517,0.996762752532959,-8.887076319297194e-08,0.7432166934013367,0.8157688975334167,-0.06663355976343155,0.8238633871078491,0.8581759929656982,-0.06833213567733765
2025-07-15 00:43:53.256124,0.7125625610351562,0.981812596321106,-6.062025903474932e-08,0.7453349232673645,0.824848473072052,-0.061430674046278,0.8328666090965271,0.8666918873786926,-0.05988801643252373
2025-07-15 00:43:53.556351,0.7065941095352173,0.9555985927581787,8.804536122397622e-08,0.7539846301078796,0.8511826992034912,-0.06064409390091896,0.83785080909729,0.8733367323875427,-0.06431311368942261
2025-07-15 00:43:53.889333,0.7113496661186218,0.9549578428268433,8.952556385111166e-08,0.7577429413795471,0.8554871082305908,-0.06170327216386795,0.8369717597961426,0.8721120357513428,-0.07004901021718979
2025-07-15 00:43:54.189313,0.7132930159568787,0.962638258934021,1.3767069617642846e-07,0.7577433586120605,0.8515677452087402,-0.06109099090099335,0.8458588123321533,0.8752031922340393,-0.06229541078209877
2025-07-15 00:43:54.523272,0.7103553414344788,0.9720239639282227,8.68019682798149e-08,0.7511773705482483,0.8327435851097107,-0.05759282037615776,0.8410249948501587,0.8660047650337219,-0.0638461634516716
2025-07-15 00:43:54.856722,0.7129841446876526,0.9758046865463257,5.455055784864271e-08,0.746894359588623,0.8222048282623291,-0.046207819133996964,0.8325089812278748,0.8626409769058228,-0.04503176361322403
2025-07-15 00:43:55.157481,0.7103610038757324,0.9655289649963379,2.2963508428119894e-08,0.7524704933166504,0.830883800983429,-0.06298128515481949,0.8286491632461548,0.8636457324028015,-0.07013396173715591
2025-07-15 00:43:55.490330,0.7120455503463745,0.9734809398651123,8.214241375981146e-08,0.7540982961654663,0.8365912437438965,-0.058549489825963974,0.8397050499916077,0.8670534491539001,-0.06415411829948425
2025-07-15 00:43:55.758018,0.7096138000488281,0.9707250595092773,7.314163497085246e-08,0.7473938465118408,0.825110137462616,-0.05834602564573288,0.833436906337738,0.8648428320884705,-0.06493249535560608
2025-07-15 00:43:56.090689,0.7097266316413879,0.9613437652587891,1.3325833947419596e-07,0.7535452842712402,0.8545166850090027,-0.06523391604423523,0.8448696732521057,0.8752899765968323,-0.07274119555950165
2025-07-15 00:43:56.425085,0.7198420763015747,0.9551551342010498,9.657902211301916e-08,0.7766509056091309,0.8659863471984863,-0.05042455345392227,0.8483879566192627,0.8881888389587402,-0.05705513432621956
2025-07-15 00:43:56.781500,0.7201813459396362,0.9639718532562256,1.0014982620987212e-07,0.7820731401443481,0.8708024621009827,-0.05490695685148239,0.8471084237098694,0.8858587145805359,-0.062298692762851715
2025-07-15 00:43:57.111530,0.7264951467514038,0.9479692578315735,1.5085699089922855e-07,0.7985337376594543,0.8646753430366516,-0.04590599238872528,0.8811684846878052,0.8843322396278381,-0.04942666366696358
2025-07-15 00:43:57.446657,0.7298208475112915,0.9556313753128052,1.2946890137754963e-07,0.7953616380691528,0.8684981465339661,-0.0485927015542984,0.8723394274711609,0.8853679299354553,-0.050404541194438934
2025-07-15 00:43:57.784356,0.7323411107063293,0.9390913844108582,2.1591506538243266e-07,0.7954047322273254,0.8695749640464783,-0.05795453488826752,0.8861083984375,0.8845749497413635,-0.05499161034822464
2025-07-15 00:43:58.114074,0.7334907650947571,0.9402809143066406,1.516813483704027e-07,0.7943854928016663,0.8651672601699829,-0.04759719967842102,0.8769415020942688,0.8822818994522095,-0.047207653522491455
2025-07-15 00:43:58.449805,0.7232680916786194,0.9509603977203369,1.5141421272346633e-07,0.7813655138015747,0.8684515357017517,-0.042462728917598724,0.8588971495628357,0.886591374874115,-0.04661324620246887
2025-07-15 00:43:58.780176,0.7404007315635681,1.015952467918396,-2.0595487626451359e-07,0.7428002953529358,0.8049618601799011,-0.03211790323257446,0.8122799396514893,0.859563946723938,0.003688816912472248
2025-07-15 00:43:59.114808,0.7339146137237549,1.0328450202941895,-4.029487001844245e-07,0.7293544411659241,0.792253315448761,0.011661139316856861,0.8088755011558533,0.8518937230110168,0.0623733252286911
2025-07-15 00:43:59.441890,0.7205883860588074,1.0167609453201294,-1.5123509911063593e-07,0.7609667778015137,0.8336915373802185,-0.0628662109375,0.8316172957420349,0.8803375363349915,-0.06322011351585388
2025-07-15 00:43:59.774437,0.723646879196167,0.9576854109764099,1.4897467792707175e-07,0.789868950843811,0.8731178045272827,-0.040139906108379364,0.8654146790504456,0.8852445483207703,-0.040131520479917526
2025-07-15 00:44:00.111729,0.7355247139930725,1.0378915071487427,-3.364863516708283e-07,0.7086226940155029,0.8143808245658875,-0.02365007810294628,0.7794480919837952,0.8495112061500549,0.012589145451784134
2025-07-15 00:44:00.444034,0.7258033156394958,1.0344526767730713,-4.64602663896585e-07,0.7046600580215454,0.7907643914222717,0.01106975693255663,0.7775760293006897,0.8473600745201111,0.06592711061239243
2025-07-15 00:44:00.781963,0.7266302704811096,1.0492290258407593,-6.433724220045178e-09,0.6769455671310425,0.8153672814369202,-0.006163279991596937,0.7929674386978149,0.8097166419029236,0.08464521169662476
2025-07-15 00:44:01.116875,0.7229030728340149,1.0589957237243652,3.768698420003602e-08,0.6152129769325256,0.8301802277565002,-0.015295131132006645,0.7914514541625977,0.8298235535621643,0.04406677559018135
2025-07-15 00:44:01.457324,0.7600877285003662,1.0133157968521118,-6.30800727208225e-08,0.637073814868927,0.8366912603378296,-0.10440834611654282,0.7971874475479126,0.8589935898780823,-0.07342588156461716
2025-07-15 00:44:01.468298,0.7253848314285278,1.0552297830581665,-3.0832115527346104e-08,0.6254566311836243,0.8249900341033936,-0.028618961572647095,0.7980893850326538,0.8315209150314331,0.02501806430518627
2025-07-15 00:44:01.785161,0.7356514930725098,1.0604901313781738,-2.914258345754206e-07,0.6857531666755676,0.7843307256698608,0.057202596217393875,0.7860866785049438,0.8311712741851807,0.11998839676380157
2025-07-15 00:44:02.114571,0.7158417701721191,1.0233994722366333,1.6366216470942163e-07,0.7034619450569153,0.8001793622970581,-0.03055686503648758,0.8493630886077881,0.885226845741272,0.007353309541940689
2025-07-15 00:44:02.448250,0.7259863615036011,1.05782151222229,-2.348134131580082e-07,0.675175666809082,0.7870082259178162,0.008244484663009644,0.7745823860168457,0.8107739090919495,0.07452388852834702
2025-07-15 00:44:03.121646,0.7502622008323669,1.0055943727493286,-3.2999963650581776e-07,0.7181462645530701,0.8000140190124512,0.013559813611209393,0.7884119749069214,0.8577534556388855,0.044949304312467575
2025-07-15 00:44:03.448559,0.7507583498954773,1.0226181745529175,-3.7991623003108543e-07,0.7401740550994873,0.7941174507141113,-0.005900809541344643,0.7818064093589783,0.8410682678222656,0.019218016415834427
2025-07-15 00:44:03.784921,0.7626302242279053,0.9851564168930054,-4.1866235278575914e-07,0.7621303200721741,0.8432300686836243,0.0010642313864082098,0.7889509201049805,0.8395262956619263,0.015420730225741863
2025-07-15 00:44:04.110290,0.7820683717727661,1.0198477506637573,-2.8136125251876365e-07,0.7375618815422058,0.8258621692657471,0.012352840043604374,0.7754247784614563,0.7877753973007202,0.04603501409292221
2025-07-15 00:44:12.187858,0.7642584443092346,1.0724974870681763,-6.958737230888801e-08,0.6966952085494995,0.7778480648994446,-0.03031506948173046,0.8479136228561401,0.8587571382522583,0.008731061592698097
2025-07-15 00:44:12.521884,0.7355700731277466,1.060821294784546,-2.9950609103934767e-08,0.6955344080924988,0.7788403630256653,-0.01648351177573204,0.8620570302009583,0.8796473145484924,0.03836532309651375
2025-07-15 00:44:12.876458,0.7282233834266663,1.0646507740020752,-4.042421863914569e-08,0.6968359351158142,0.7796036005020142,-0.029062194749712944,0.8602282404899597,0.879002034664154,0.023135842755436897
2025-07-15 00:44:13.211938,0.732126772403717,1.0625323057174683,-6.403477215144449e-08,0.6962561011314392,0.7781403064727783,-0.033751413226127625,0.8564440011978149,0.8837024569511414,0.01950240321457386
2025-07-15 00:44:13.552684,0.7307392954826355,1.0547130107879639,-5.358734256333264e-08,0.6990123987197876,0.7788029909133911,-0.055093590170145035,0.8601997494697571,0.8822615742683411,-0.023509638383984566
2025-07-15 00:44:13.889757,0.7303154468536377,1.0540375709533691,-1.0448760434655924e-07,0.698273241519928,0.7777111530303955,-0.055313099175691605,0.8556676506996155,0.8808173537254333,-0.022119645029306412
2025-07-15 00:44:14.222147,0.7379271984100342,1.0628993511199951,-1.3268174825498136e-07,0.6966705322265625,0.7774027585983276,-0.03649597242474556,0.8561612963676453,0.8790826797485352,0.004953413270413876
2025-07-15 00:44:14.553710,0.7301374673843384,1.0565989017486572,-1.69186318288439e-08,0.7003962397575378,0.7770529985427856,-0.04944548383355141,0.8603656888008118,0.88420569896698,-0.008582819253206253
2025-07-15 00:44:14.885828,0.7326400279998779,1.0561906099319458,-1.177869393131914e-07,0.7001491189002991,0.7767847776412964,-0.042364299297332764,0.854194164276123,0.8896432518959045,-0.0045017157681286335
2025-07-15 00:44:15.220149,0.7356505990028381,1.0519741773605347,-8.787996108594598e-08,0.699231743812561,0.775123655796051,-0.05271458253264427,0.8549946546554565,0.8757683038711548,-0.014411557465791702
2025-07-15 00:44:15.551767,0.7313234210014343,1.0541545152664185,-1.387604271485543e-07,0.6979591846466064,0.7775381803512573,-0.052264709025621414,0.8541580438613892,0.878817081451416,-0.011549252085387707
2025-07-15 00:44:15.884835,0.7239950895309448,1.0644772052764893,-1.1548647194103978e-07,0.6964138150215149,0.7779885530471802,-0.03412941098213196,0.8533619046211243,0.8755598068237305,0.005993136670440435
2025-07-15 00:44:16.221701,0.7288987040519714,1.0558549165725708,-9.24719998351975e-08,0.6984218955039978,0.7743707299232483,-0.04936007410287857,0.8552553057670593,0.8865494728088379,-0.010035492479801178
2025-07-15 00:44:16.545511,0.7337808609008789,1.0601214170455933,-9.476947582243156e-08,0.7001741528511047,0.7743703126907349,-0.02882542833685875,0.854568362236023,0.8843681216239929,0.017830563709139824
2025-07-15 00:44:16.852748,0.7321038246154785,1.0620737075805664,-8.482705737833385e-08,0.6988939046859741,0.7748463153839111,-0.03034852258861065,0.8546090722084045,0.8748687505722046,0.01939614675939083
2025-07-15 00:44:17.188460,0.7330511212348938,1.0556926727294922,-8.276748530988698e-08,0.6989291906356812,0.7747929692268372,-0.050559207797050476,0.8551874160766602,0.8895379900932312,-0.018512364476919174
2025-07-15 00:44:17.513901,0.7269654870033264,1.0489612817764282,-4.940177333878637e-08,0.6986681818962097,0.7770322561264038,-0.04110661521553993,0.8584864735603333,0.8794050812721252,-0.0008279336616396904
2025-07-15 00:44:17.785522,0.7306950092315674,1.0558027029037476,-1.0135671857369744e-07,0.7000076174736023,0.7761081457138062,-0.05114029720425606,0.8534101843833923,0.8876610994338989,-0.010567501187324524
2025-07-15 00:44:18.117399,0.7278276681900024,1.0532721281051636,-4.779125006848517e-08,0.6984242796897888,0.7762589454650879,-0.044111140072345734,0.8571210503578186,0.8850805759429932,0.001142308465205133
2025-07-15 00:44:18.456260,0.726249098777771,1.0579497814178467,-7.338619667507373e-08,0.6982572078704834,0.7774603366851807,-0.038145534694194794,0.8550360202789307,0.8807812929153442,0.008227227255702019
2025-07-15 00:44:18.790109,0.7277956604957581,1.0683060884475708,-1.369151334529306e-07,0.6956970691680908,0.7809280753135681,-0.026893362402915955,0.8514807820320129,0.8823038339614868,0.014941793866455555
2025-07-15 00:44:19.120783,0.7265036702156067,1.0543222427368164,-4.324782754139278e-09,0.699623703956604,0.7782039642333984,-0.041126396507024765,0.8597222566604614,0.8848233222961426,0.00019726926984731108
2025-07-15 00:44:19.468824,0.7316505312919617,1.0497478246688843,-4.927169783286445e-08,0.6979478001594543,0.7792162299156189,-0.054207198321819305,0.860105037689209,0.8801380395889282,-0.022051913663744926
2025-07-15 00:44:19.785238,0.727257490158081,1.0462751388549805,-4.092328964588887e-08,0.7000638842582703,0.7789630889892578,-0.04389699548482895,0.8581767678260803,0.8821509480476379,-0.0049684783443808556
2025-07-15 00:44:20.123532,0.7262691855430603,1.0549108982086182,-6.298009935790105e-08,0.6981792449951172,0.7825145125389099,-0.04477393254637718,0.8566561937332153,0.8817703723907471,-0.00797995924949646
2025-07-15 00:44:20.448417,0.7263144850730896,1.0608893632888794,-7.581574834603089e-08,0.6981244087219238,0.7807162404060364,-0.02807573601603508,0.8554766178131104,0.8800714015960693,0.01404649205505848
2025-07-15 00:44:20.779037,0.7270083427429199,1.064154028892517,-8.296996156786918e-08,0.6989043951034546,0.7810128331184387,-0.026115600019693375,0.8560871481895447,0.8878081440925598,0.018266407772898674
2025-07-15 00:44:21.113205,0.7296466827392578,1.0565096139907837,-4.2777919873060455e-08,0.6992631554603577,0.7805364727973938,-0.03618846461176872,0.8567877411842346,0.8870896697044373,0.009692337363958359
2025-07-15 00:44:21.453601,0.729401707649231,1.0651599168777466,-1.24575834092866e-07,0.6962411403656006,0.7821168303489685,-0.024136273190379143,0.8561018109321594,0.8866991400718689,0.019582759588956833
2025-07-15 00:44:21.787357,0.7244555950164795,1.0480103492736816,-5.122642932064991e-08,0.6993122696876526,0.7807593941688538,-0.041489459574222565,0.8578818440437317,0.8900119662284851,-0.0055315690115094185
2025-07-15 00:44:22.123406,0.7247461080551147,1.0573731660842896,-4.801204411819526e-08,0.6988317370414734,0.7811099886894226,-0.028325684368610382,0.8569902181625366,0.8847108483314514,0.013946927152574062
2025-07-15 00:44:22.451359,0.7348774075508118,1.0587958097457886,-5.33998054663698e-08,0.6990338563919067,0.7813557982444763,-0.04577196389436722,0.8566071391105652,0.8885598182678223,-0.004518446512520313
2025-07-15 00:44:22.794909,0.7290060520172119,1.065564513206482,-1.0936969374597538e-07,0.6964594125747681,0.7832620143890381,-0.023426329717040062,0.8552336096763611,0.8817645907402039,0.02275834232568741
2025-07-15 00:44:23.124393,0.7351887226104736,1.0638483762741089,-6.357408466328707e-08,0.6981388330459595,0.7829641103744507,-0.04609214514493942,0.8531375527381897,0.8908966779708862,-0.005425376817584038
2025-07-15 00:44:23.457987,0.7379809021949768,1.0695387125015259,-4.848807222401774e-08,0.6947046518325806,0.7834087014198303,-0.026985948905348778,0.8562731742858887,0.8773142695426941,0.02143387869000435
2025-07-15 00:44:23.799220,0.7328420877456665,1.0659412145614624,-2.649040631297339e-08,0.6938254237174988,0.7811667919158936,-0.04006468132138252,0.8573492169380188,0.8757709860801697,0.00964703131467104
2025-07-15 00:44:24.125485,0.7372997999191284,1.0628528594970703,-6.459806201064566e-08,0.6919671893119812,0.7776502370834351,-0.024974601343274117,0.8514121174812317,0.879245400428772,0.030626218765974045
2025-07-15 00:44:24.467529,0.7324821352958679,1.0573772192001343,-3.040986129576595e-08,0.6904839277267456,0.7801185250282288,-0.030858343467116356,0.8557483553886414,0.878459095954895,0.023865118622779846
2025-07-15 00:44:24.799006,0.7350150942802429,1.0573773384094238,-8.605870505107305e-08,0.6897331476211548,0.7766834497451782,-0.04323570802807808,0.84829181432724,0.8718023300170898,0.004539811052381992
2025-07-15 00:44:25.132673,0.7306609153747559,1.0620495080947876,-8.371865334311224e-08,0.6897628307342529,0.7755142450332642,-0.04058241471648216,0.8501044511795044,0.8719841241836548,0.010380111634731293
2025-07-15 00:44:25.471019,0.7408285737037659,1.0633031129837036,-1.197075789605151e-07,0.6747775077819824,0.7577852606773376,-0.045632753521203995,0.8335385322570801,0.8597844839096069,0.009372440166771412
2025-07-15 00:44:25.798708,0.7198159694671631,1.0187187194824219,-2.243299945803301e-08,0.6318478584289551,0.7176309823989868,-0.04375780373811722,0.7960550785064697,0.7892961502075195,0.022177420556545258
2025-07-15 00:44:26.134237,0.726936936378479,1.0534765720367432,-4.746532766830569e-08,0.6477506160736084,0.7374101281166077,0.012105856090784073,0.8017871379852295,0.8044490814208984,0.11320973932743073
2025-07-15 00:44:26.464820,0.7128804922103882,1.04628586769104,-8.077065416500773e-08,0.6483770608901978,0.7475959062576294,-0.030690426006913185,0.8042798638343811,0.8403165340423584,0.037533022463321686
2025-07-15 00:44:26.797071,0.7153272032737732,1.0429903268814087,-2.1585776721622096e-07,0.6505683660507202,0.7407346367835999,-0.03773310035467148,0.7940967679023743,0.8513851761817932,0.02018793672323227
2025-07-15 00:44:27.136767,0.722754180431366,1.0499523878097534,-1.2741239174829389e-07,0.6477510929107666,0.734312891960144,0.01155859511345625,0.798595130443573,0.8158385753631592,0.09804216027259827
2025-07-15 00:44:27.446987,0.7363396883010864,1.0691802501678467,1.4241028623018792e-07,0.6538211703300476,0.7535611391067505,0.059455085545778275,0.8109386563301086,0.8392786979675293,0.2174757570028305
2025-07-15 00:44:27.784165,0.7262915372848511,1.0580899715423584,2.441991284740652e-07,0.6753838658332825,0.7775922417640686,0.04231439530849457,0.83501797914505,0.8727248907089233,0.16999690234661102
2025-07-15 00:44:28.138009,0.7323508262634277,1.0771021842956543,1.9672860673836112e-07,0.69282466173172,0.7907151579856873,0.06261413544416428,0.8587773442268372,0.8750406503677368,0.16818735003471375
2025-07-15 00:44:28.449728,0.7559059262275696,1.0822334289550781,-2.416250595160818e-07,0.6915191411972046,0.7838672995567322,0.008543087169528008,0.8164262771606445,0.8691338300704956,0.07370175421237946
2025-07-15 00:44:28.776432,0.7803018689155579,1.038511037826538,-3.541635180681624e-07,0.7120466232299805,0.7815036773681641,-0.03966566175222397,0.8063097596168518,0.889182448387146,0.009793952107429504
2025-07-15 00:44:28.785552,0.7686067223548889,1.0907667875289917,-4.667049324780237e-07,0.7132384777069092,0.7749425172805786,-0.006949210539460182,0.797416090965271,0.8933279514312744,0.04281120374798775
2025-07-15 00:44:29.135941,0.7919256687164307,1.0644934177398682,-4.30172434562337e-07,0.7476218342781067,0.7677699327468872,0.04230480268597603,0.7973836064338684,0.8987337946891785,0.09600543230772018
2025-07-15 00:44:29.470134,0.791824221611023,1.0579173564910889,-4.2180013792858517e-07,0.7528981566429138,0.768663763999939,0.04332346469163895,0.8050516843795776,0.8981591463088989,0.0954112559556961
2025-07-15 00:44:29.803487,0.7918217778205872,1.0643930435180664,-4.0638551013216784e-07,0.7533712387084961,0.7698174715042114,0.009991905651986599,0.8043668866157532,0.9013626575469971,0.045970648527145386
2025-07-15 00:44:30.135804,0.7865220904350281,1.0625224113464355,-4.1494223523841356e-07,0.7535247802734375,0.7685505151748657,0.0021235416643321514,0.8072178363800049,0.9007978439331055,0.037563927471637726
2025-07-15 00:44:30.473367,0.7893157005310059,1.0646899938583374,-4.4286943534643797e-07,0.7561090588569641,0.7711693644523621,0.004465329460799694,0.8053314089775085,0.9046967625617981,0.037316128611564636
2025-07-15 00:44:30.799966,0.787041962146759,1.062211513519287,-4.26106993245412e-07,0.7543750405311584,0.7711148262023926,0.00078356615267694,0.8050510883331299,0.9030168056488037,0.0327550433576107
2025-07-15 00:44:31.137976,0.7891694903373718,1.0571647882461548,-4.3631058588289306e-07,0.7504108548164368,0.7743926048278809,-0.007800454739481211,0.79649817943573,0.9006333947181702,0.01387704350054264
2025-07-15 00:44:31.473199,0.7812914252281189,1.0598890781402588,-4.6424122501775855e-07,0.750095546245575,0.7714528441429138,0.0017545081209391356,0.8000061511993408,0.9062865376472473,0.02768551930785179
2025-07-15 00:44:31.804691,0.778775691986084,1.0649101734161377,-4.46171384282934e-07,0.7508329153060913,0.7682012319564819,-0.004611874930560589,0.8004153966903687,0.9039481282234192,0.017504684627056122
2025-07-15 00:44:32.138024,0.7760738134384155,1.0678311586380005,-4.4957803879697167e-07,0.7508891820907593,0.7703498601913452,-0.009793387725949287,0.804349422454834,0.9038164019584656,0.01305295992642641
2025-07-15 00:44:32.474573,0.7829321622848511,1.0621991157531738,-4.6547955889764125e-07,0.7516058087348938,0.7698568105697632,-0.0012624782975763083,0.7989442348480225,0.9045184254646301,0.02315729297697544
2025-07-15 00:44:32.805476,0.7811519503593445,1.0677803754806519,-4.7127409175118373e-07,0.7504181861877441,0.7712587714195251,-0.003783822525292635,0.8024395108222961,0.9057847857475281,0.019325735047459602
2025-07-15 00:44:33.138448,0.7797016501426697,1.0676300525665283,-4.809853066944925e-07,0.7518703937530518,0.7732418775558472,-0.0021401832345873117,0.8023219704627991,0.9074729084968567,0.020486980676651
2025-07-15 00:44:33.470629,0.7828893065452576,1.0660617351531982,-4.5871553311371827e-07,0.7483739256858826,0.7732593417167664,-0.007005133666098118,0.7977420091629028,0.9062648415565491,0.017707757651805878
2025-07-15 00:44:33.806356,0.7814209461212158,1.0670995712280273,-4.67999171860356e-07,0.7494484782218933,0.7718731760978699,-0.0011526400921866298,0.801813542842865,0.9091081619262695,0.024515176191926003
2025-07-15 00:44:34.140015,0.7895958423614502,1.0642108917236328,-4.743737633816636e-07,0.7510846257209778,0.7730837464332581,-0.002866754774004221,0.8011324405670166,0.9086305499076843,0.020838426426053047
2025-07-15 00:44:34.468330,0.7950589656829834,1.0675946474075317,-4.735672973765759e-07,0.7503721117973328,0.772925615310669,0.005436746869236231,0.7989197969436646,0.908952534198761,0.034291524440050125
2025-07-15 00:44:34.807386,0.7896842360496521,1.070627212524414,-4.867461598223599e-07,0.750038743019104,0.7747637629508972,-0.0014303973875939846,0.7991454005241394,0.9096484184265137,0.023417016491293907
2025-07-15 00:44:35.138421,0.7868750095367432,1.0706727504730225,-4.845322223445692e-07,0.7503325939178467,0.7740784287452698,-0.00650704326108098,0.7971985936164856,0.909325897693634,0.014685285277664661
2025-07-15 00:44:35.474407,0.7854666113853455,1.0606130361557007,-4.740468000363762e-07,0.7496971487998962,0.7751196026802063,-0.0018381200497969985,0.7998820543289185,0.9088884592056274,0.02241441421210766
2025-07-15 00:44:35.801683,0.7876896858215332,1.0664156675338745,-4.4116768549429253e-07,0.7500542998313904,0.773459255695343,-0.004093374591320753,0.8000355362892151,0.9105875492095947,0.018512403592467308
2025-07-15 00:44:36.141425,0.782491147518158,1.0709389448165894,-4.5508389234782953e-07,0.7498683929443359,0.7727277278900146,-0.002114284550771117,0.8005338907241821,0.9075886607170105,0.026053372770547867
2025-07-15 00:44:36.473051,0.7872108817100525,1.0674071311950684,-4.771438852912979e-07,0.7507085204124451,0.7744031548500061,0.0006050660740584135,0.7990325093269348,0.90915447473526,0.02473575808107853
2025-07-15 00:44:36.807364,0.7905197739601135,1.0656095743179321,-4.611455040048895e-07,0.7507760524749756,0.7746316194534302,-0.0018063192255795002,0.798507034778595,0.9108980298042297,0.023953845724463463
2025-07-15 00:44:37.141312,0.7914006114006042,1.0686765909194946,-4.793392349711212e-07,0.7510756254196167,0.775383710861206,-0.002401279518380761,0.7987390160560608,0.9126682877540588,0.023319274187088013
2025-07-15 00:44:37.477713,0.7864612340927124,1.0676013231277466,-4.497945553794125e-07,0.7505069971084595,0.7760670781135559,-0.006548574659973383,0.8002312779426575,0.9098755717277527,0.018812566995620728
2025-07-15 00:44:37.807450,0.7906932830810547,1.0608843564987183,-4.7177451278912486e-07,0.7513137459754944,0.7755125761032104,0.013585684821009636,0.7985078692436218,0.9088774919509888,0.04813910275697708
2025-07-15 00:44:38.140647,0.7816143035888672,1.0728546380996704,-4.6858158953000384e-07,0.7507845759391785,0.7765283584594727,-0.007583633065223694,0.803171694278717,0.9140080809593201,0.013741331174969673
2025-07-15 00:44:38.464803,0.7848126888275146,1.0721795558929443,-4.5834102024855383e-07,0.7504746913909912,0.7763508558273315,-0.003083656309172511,0.8002891540527344,0.9118320345878601,0.023649035021662712
2025-07-15 00:44:38.803712,0.786000669002533,1.0663385391235352,-4.613600310676702e-07,0.7494699954986572,0.774951159954071,0.0065641747787594795,0.8030670881271362,0.9128709435462952,0.03528520092368126
2025-07-15 00:44:39.138918,0.785009503364563,1.0665152072906494,-4.601176897267578e-07,0.7497454285621643,0.7738696932792664,0.003557163057848811,0.8007459044456482,0.9083049893379211,0.03289792314171791
2025-07-15 00:44:39.473607,0.7864537835121155,1.0655030012130737,-4.697010638210486e-07,0.7500597834587097,0.7750682234764099,0.0038067535497248173,0.7990815043449402,0.9073125720024109,0.032092783600091934
2025-07-15 00:44:39.810421,0.786690354347229,1.0677438974380493,-4.4844617264061526e-07,0.7513954639434814,0.7762323021888733,-0.004100110847502947,0.8026421070098877,0.9087973833084106,0.02153320424258709
2025-07-15 00:44:40.144642,0.7905223369598389,1.067912220954895,-4.5930912051517225e-07,0.7523128986358643,0.7747787833213806,0.003769637318328023,0.798819899559021,0.9087461829185486,0.033824801445007324
2025-07-15 00:44:40.479063,0.7896222472190857,1.065954566001892,-4.847212267122814e-07,0.7514232993125916,0.7750654220581055,0.007716508116573095,0.7995001077651978,0.9110656976699829,0.03601447865366936
2025-07-15 00:44:40.810866,0.7838174104690552,1.0734591484069824,-4.719554169696494e-07,0.7505393028259277,0.7749195694923401,-0.004894376266747713,0.8009902238845825,0.913207471370697,0.01728389412164688
2025-07-15 00:44:41.130496,0.788601815700531,1.0693278312683105,-4.5557308681054565e-07,0.7499532103538513,0.7752787470817566,-1.4041797840036452e-05,0.8016424775123596,0.913088858127594,0.026911573484539986
2025-07-15 00:44:41.442631,0.7880984544754028,1.065480351448059,-4.533829667252576e-07,0.7503080368041992,0.7756718993186951,0.0061808498576283455,0.8003926277160645,0.9082664847373962,0.03967418149113655
2025-07-15 00:44:41.772955,0.7832947373390198,1.081687092781067,-3.858815205148858e-07,0.747150719165802,0.7833380699157715,-0.01801859773695469,0.8151385188102722,0.9038460850715637,0.021971484646201134
2025-07-15 00:44:42.111096,0.7359252572059631,1.0144058465957642,8.059573985974566e-08,0.7519715428352356,0.792026698589325,-0.07688350230455399,0.8855075836181641,0.9258868098258972,-0.05607665702700615
2025-07-15 00:44:42.442700,0.7246067523956299,1.0045084953308105,4.202120180707425e-07,0.7572560906410217,0.7934246063232422,-0.0850001871585846,0.908342182636261,0.928758442401886,-0.04445524141192436
2025-07-15 00:44:42.779852,0.7390933632850647,0.9784126281738281,3.3243685493289377e-07,0.7595541477203369,0.8039752244949341,-0.08614376187324524,0.903126060962677,0.9079331755638123,-0.06657949835062027
2025-07-15 00:44:43.108553,0.7287288308143616,0.995654284954071,4.6155378186085727e-07,0.7569058537483215,0.7984861135482788,-0.09041111171245575,0.9288247227668762,0.9193997383117676,-0.08335280418395996
2025-07-15 00:44:43.412157,0.7343361377716064,1.0022993087768555,7.252066893670417e-07,0.7569963932037354,0.8006415367126465,-0.11157278716564178,0.9700880646705627,0.9734707474708557,-0.10859399288892746
2025-07-15 00:44:43.744398,0.7404837608337402,1.0023421049118042,4.911600512969017e-07,0.7516359090805054,0.799034059047699,-0.10601325333118439,0.9133091568946838,0.9313274621963501,-0.10067364573478699
2025-07-15 00:44:44.081707,0.7327396869659424,1.0061012506484985,3.4074543009410263e-07,0.7520489692687988,0.7988357543945312,-0.08852225542068481,0.8978398442268372,0.9074916839599609,-0.07242235541343689
2025-07-15 00:44:44.414036,0.7299060821533203,1.0149922370910645,4.0495424968867155e-07,0.751432478427887,0.7996283173561096,-0.08598119020462036,0.9073443412780762,0.9146184921264648,-0.08212069422006607
2025-07-15 00:44:44.743358,0.7343521118164062,0.9935125708580017,4.2120268517464865e-07,0.758824348449707,0.8099652528762817,-0.09442703425884247,0.9187619686126709,0.937164843082428,-0.08096429705619812
2025-07-15 00:44:45.080353,0.7497206330299377,0.9865222573280334,4.926223482470959e-07,0.7629715800285339,0.8069536685943604,-0.09123165160417557,0.9399710893630981,0.952516496181488,-0.07788063585758209
2025-07-15 00:44:45.415035,0.743016242980957,0.9950234293937683,4.034461937862943e-07,0.7637934684753418,0.8041873574256897,-0.08671731501817703,0.91634601354599,0.9291357398033142,-0.047147661447525024
2025-07-15 00:44:45.747309,0.7470930814743042,0.9839906096458435,4.142320051414572e-07,0.764171302318573,0.8111341595649719,-0.09422142058610916,0.9210371375083923,0.9421104192733765,-0.08455604314804077
2025-07-15 00:44:46.074616,0.7538367509841919,0.987714409828186,4.0263361711367907e-07,0.7643184661865234,0.8175987601280212,-0.08812709897756577,0.9207308888435364,0.9466304779052734,-0.07302625477313995
2025-07-15 00:44:46.414552,0.7472236752510071,0.9851304292678833,4.288374384486815e-07,0.7634522914886475,0.8088480830192566,-0.08957912772893906,0.9217223525047302,0.9578789472579956,-0.07703109830617905
2025-07-15 00:44:46.735970,0.740334689617157,1.0118305683135986,4.2453234527783934e-07,0.761329174041748,0.8081666231155396,-0.0842013731598854,0.9180564284324646,0.9304201006889343,-0.05074946582317352
2025-07-15 00:44:47.075352,0.7432315349578857,1.0095069408416748,5.465507797453029e-07,0.7535367608070374,0.805367112159729,-0.11583186686038971,0.9224032163619995,0.9092985987663269,-0.10359161347150803
2025-07-15 00:44:47.410817,0.7484012842178345,1.0169525146484375,4.494401935062342e-07,0.7516984343528748,0.8026158213615417,-0.10657273232936859,0.9066793322563171,0.904569149017334,-0.09294650703668594
2025-07-15 00:44:47.733135,0.7373967170715332,1.009205937385559,4.977937919647957e-07,0.7529767751693726,0.8017673492431641,-0.11590101569890976,0.9070311784744263,0.9044200778007507,-0.09211192280054092
2025-07-15 00:44:48.076597,0.7388719916343689,1.0138895511627197,4.187147624179488e-07,0.7525556683540344,0.8012036085128784,-0.10384225100278854,0.8955904245376587,0.9022615551948547,-0.08219347149133682
2025-07-15 00:44:48.411356,0.7844518423080444,1.0671738386154175,-3.07665374066346e-07,0.7502991557121277,0.7930245399475098,-0.03469255939126015,0.853460967540741,0.9326273202896118,-0.006904489826411009
2025-07-15 00:44:48.735123,0.781599760055542,1.1040349006652832,-4.696950952620682e-07,0.7497032284736633,0.7916531562805176,-0.015482856892049313,0.8500451445579529,0.9306550621986389,0.012070931494235992
2025-07-15 00:44:49.073717,0.7745252847671509,1.101899266242981,-4.3561294660321437e-07,0.750118613243103,0.7918220162391663,-0.017846286296844482,0.8569492101669312,0.930325984954834,0.008579789660871029
2025-07-15 00:44:49.410408,0.7803676724433899,1.1022454500198364,-4.2248888121321215e-07,0.7506523132324219,0.7950835227966309,-0.011330717243254185,0.8560375571250916,0.9287046790122986,0.0169419776648283
2025-07-15 00:44:49.741031,0.7959336042404175,1.1157077550888062,-4.913173370368895e-07,0.7480517029762268,0.7914738655090332,-9.597449388820678e-05,0.8452857136726379,0.9282366037368774,0.028059890493750572
2025-07-15 00:44:50.072782,0.8097577691078186,1.0934158563613892,-4.5197990061751625e-07,0.7437029480934143,0.7903634905815125,0.0029806564562022686,0.8346470594406128,0.915207028388977,0.03166770190000534
2025-07-15 00:44:50.407172,0.8118731379508972,1.0978633165359497,-4.874149794886762e-07,0.7446143627166748,0.7902899980545044,0.016365470364689827,0.833712100982666,0.9261131882667542,0.06001560389995575
2025-07-15 00:44:50.741814,0.7970744371414185,1.1026005744934082,-4.961033255312941e-07,0.745273232460022,0.7889859676361084,-0.013810834847390652,0.8321199417114258,0.9320980906486511,0.014870303682982922
2025-07-15 00:44:51.077634,0.7852064967155457,1.0591557025909424,-4.7061226382538734e-07,0.7242729663848877,0.748708188533783,-0.008143574930727482,0.8056768774986267,0.8955151438713074,0.03215029090642929
2025-07-15 00:44:51.411473,0.7668553590774536,1.0545048713684082,-5.058141141489614e-07,0.6993628740310669,0.7240923643112183,0.0012683310778811574,0.7964189648628235,0.8826347589492798,0.06431539356708527
2025-07-15 00:44:51.743467,0.7824257016181946,1.098910927772522,-4.803115416507353e-07,0.7077642679214478,0.7528336048126221,-0.01092448178678751,0.8072847723960876,0.8951446413993835,0.031703729182481766
2025-07-15 00:44:52.074427,0.8064072132110596,1.087754249572754,-4.35735614701116e-07,0.72111576795578,0.776316225528717,0.02935425192117691,0.81514573097229,0.9126006960868835,0.09959560632705688
2025-07-15 00:44:52.410154,0.7888464331626892,1.090887427330017,-4.6824871446915495e-07,0.7271212935447693,0.779667317867279,-0.01784759946167469,0.826537549495697,0.9249884486198425,0.020720820873975754
2025-07-15 00:44:52.749607,0.798654317855835,1.091477394104004,-4.3282526007715205e-07,0.7272985577583313,0.7758423089981079,0.0011796484468504786,0.8248164653778076,0.9162163734436035,0.05286358669400215
2025-07-15 00:44:53.077478,0.7909829020500183,1.0827299356460571,-3.970649231632706e-07,0.7215842008590698,0.7660431861877441,0.030410071834921837,0.8243193030357361,0.9053087830543518,0.09989624470472336
2025-07-15 00:44:53.410967,0.7854491472244263,1.0878890752792358,-4.0894164499150065e-07,0.7222484946250916,0.7675585150718689,0.006273059640079737,0.831980288028717,0.9074065089225769,0.06607773154973984
2025-07-15 00:44:53.749325,0.7807931900024414,1.0758498907089233,-3.894035955909203e-07,0.7182185053825378,0.758468508720398,-0.008975277654826641,0.8182886838912964,0.8934748768806458,0.04416502267122269
2025-07-15 00:44:54.082063,0.7644340991973877,1.0467222929000854,-4.643163151740737e-07,0.6991386413574219,0.7298424243927002,-0.023666968569159508,0.795864999294281,0.8808708190917969,0.033219851553440094
2025-07-15 00:44:54.419201,0.7689777612686157,1.061736822128296,-4.491863876410207e-07,0.7061504125595093,0.7507483959197998,-0.0059225973673164845,0.8114748597145081,0.8890433311462402,0.04551924765110016
2025-07-15 00:44:54.750973,0.7770419716835022,1.0812491178512573,-4.555049883947504e-07,0.7119991183280945,0.7743276357650757,-0.009573432616889477,0.8112604022026062,0.91420578956604,0.03650665283203125
2025-07-15 00:44:55.074313,0.7828407287597656,1.0818549394607544,-4.4457084413807024e-07,0.7131937146186829,0.7738449573516846,-0.01727532595396042,0.8178969025611877,0.9083167314529419,0.023762444034218788
2025-07-15 00:44:55.400315,0.7833704948425293,1.0887490510940552,-4.2279026502001216e-07,0.7280357480049133,0.7752642035484314,-0.014977804385125637,0.8338673114776611,0.9103525876998901,0.026801561936736107
2025-07-15 00:44:55.730992,0.7873920202255249,1.1014262437820435,-4.206622179481201e-07,0.7461423873901367,0.7852556109428406,-0.013207395561039448,0.8434165716171265,0.9179791212081909,0.018758593127131462
2025-07-15 00:44:56.064725,0.7734007835388184,1.0863287448883057,-4.311732482165098e-07,0.7561221718788147,0.781221866607666,-0.01697380281984806,0.848809003829956,0.9145199060440063,0.012407399713993073
2025-07-15 00:44:58.241761,0.6792185306549072,0.7039718627929688,-5.347006890588091e-07,0.4842613637447357,0.6863462924957275,-0.0014274028362706304,0.5093318819999695,0.6850155591964722,-0.021272441372275352
2025-07-15 00:44:59.066828,1.0434616804122925,1.032751202583313,1.364981358165096e-06,0.5279984474182129,0.8936272263526917,-0.2610885798931122,0.2525932788848877,0.3569319248199463,-0.31811779737472534
2025-07-15 00:44:59.366050,1.0055049657821655,0.9976613521575928,1.8070843452733243e-06,0.46972131729125977,0.7954350113868713,-0.3245249390602112,0.3829323351383209,0.2487679123878479,-0.4033365547657013
2025-07-15 00:44:59.666582,0.9805421233177185,0.8441186547279358,-1.5858877304708585e-06,0.7291380167007446,0.8398463726043701,-0.2717752158641815,0.5128017663955688,0.758202314376831,-0.37603631615638733
2025-07-15 00:45:00.000591,1.0712920427322388,0.744513750076294,1.4646640522641974e-07,0.7917332053184509,0.8252665400505066,-0.47803106904029846,0.38506436347961426,0.602107584476471,-0.6208212971687317
2025-07-15 00:45:02.002990,1.0081580877304077,0.7152341604232788,-4.9531930557122905e-08,0.8869090676307678,0.13310572504997253,-0.06140490993857384,0.4788858890533447,0.23797135055065155,-0.1619710922241211
2025-07-15 00:45:02.268397,0.9984087347984314,0.714124321937561,-1.1812294253843447e-08,0.8765512108802795,0.132337749004364,-0.06974249333143234,0.47458985447883606,0.2429099678993225,-0.18306054174900055
2025-07-15 00:45:02.534794,0.9790216684341431,0.8376708626747131,-6.274256065808004e-07,0.5219057202339172,0.45883041620254517,-0.06524131447076797,0.3848252594470978,0.35818129777908325,-0.249839648604393
2025-07-15 00:45:02.802745,0.6484360694885254,1.1345112323760986,5.932076874159975e-07,0.21938170492649078,0.8910273313522339,-0.09938693791627884,0.18123258650302887,0.612032413482666,-0.17583531141281128
2025-07-15 00:45:03.069545,0.6363377571105957,1.1325136423110962,6.899927598169597e-07,0.22231702506542206,0.9048902988433838,-0.11496862024068832,0.20150482654571533,0.5569084882736206,-0.1858547329902649
2025-07-15 00:45:03.335873,0.736607015132904,0.9069662690162659,1.1866496834045392e-06,0.37747111916542053,0.7109946012496948,-0.2030816674232483,0.5266761183738708,0.2177545428276062,-0.24611379206180573
2025-07-15 00:45:03.603822,0.7286550998687744,0.8652724623680115,1.0504485317142098e-06,0.3808515965938568,0.7163150906562805,-0.22153162956237793,0.5192108750343323,0.19677196443080902,-0.2536849081516266
2025-07-15 00:45:03.936148,0.7573695182800293,0.890964925289154,-1.2411766192599316e-07,0.39680469036102295,0.7575977444648743,-0.22609512507915497,0.4885376989841461,0.21246890723705292,-0.25422143936157227
2025-07-15 00:45:04.270140,0.7589959502220154,0.8861943483352661,-2.1099475588925998e-07,0.4190186560153961,0.8053788542747498,-0.19184763729572296,0.5835514068603516,0.228785440325737,-0.2287878394126892
2025-07-15 00:45:04.603689,0.769015371799469,0.8732600212097168,5.160588329999882e-07,0.41408631205558777,0.9846338033676147,-0.18272188305854797,0.279397577047348,0.5576793551445007,-0.22399930655956268
2025-07-15 00:45:04.936979,0.8532539010047913,0.8409197926521301,2.9146909241717367e-07,0.5319597721099854,0.938705563545227,-0.16028206050395966,0.521446943283081,0.5918929576873779,-0.1881905496120453
2025-07-15 00:45:05.270804,0.8566803932189941,0.817193329334259,4.131160267206724e-07,0.5079628229141235,0.8842256665229797,-0.16564932465553284,0.4243490397930145,0.4905708134174347,-0.20371127128601074
2025-07-15 00:45:05.537002,0.8577848672866821,0.8186080455780029,4.6347290094672644e-07,0.5276211500167847,0.9401811361312866,-0.18068061769008636,0.4408648908138275,0.503362774848938,-0.20838546752929688
2025-07-15 00:45:05.871431,0.872433602809906,0.8091267347335815,5.864710033165466e-07,0.584368884563446,0.917237401008606,-0.15550892055034637,0.5524491667747498,0.4406719207763672,-0.17295525968074799
2025-07-15 00:45:06.204103,0.8754259347915649,0.8213890790939331,7.814754781065858e-07,0.6396254301071167,0.9338588714599609,-0.18682152032852173,0.5045424103736877,0.5567383766174316,-0.21915961802005768
2025-07-15 00:45:06.505532,0.8739120960235596,0.8339948654174805,4.7408775571966544e-07,0.6474698781967163,0.8405593633651733,-0.18915289640426636,0.4747527539730072,0.4946939945220947,-0.22735391557216644
2025-07-15 00:45:06.838150,0.8914340734481812,0.8246235847473145,-8.819569075058098e-07,0.5911740064620972,0.5706456303596497,-0.20631691813468933,0.5675579309463501,0.4852910041809082,-0.29154521226882935
2025-07-15 00:45:07.171638,0.9324266314506531,0.8404440879821777,-7.522842224716442e-07,0.5926871299743652,0.5626782178878784,-0.10460087656974792,0.5176786780357361,0.4909851551055908,-0.18209880590438843
2025-07-15 00:45:07.505433,0.9188708066940308,0.8427916765213013,-1.4140126722850255e-06,0.611160933971405,0.34525156021118164,-0.03959231823682785,0.6666813492774963,0.4422586262226105,-0.07796142995357513
2025-07-15 00:45:07.839119,0.8990985751152039,0.8337095379829407,-1.1148140401928686e-06,0.5061262845993042,0.49084970355033875,-0.14166726171970367,0.6291796565055847,0.46698588132858276,-0.1802627593278885
2025-07-15 00:45:08.172701,0.8924831748008728,0.8929648399353027,6.753742809451069e-07,0.4480697512626648,0.6708958745002747,-0.21325713396072388,0.41116297245025635,0.3088025152683258,-0.3086366653442383
2025-07-15 00:45:08.506289,0.9144153594970703,0.9070771336555481,1.1095123682025587e-06,0.4460097551345825,0.7244020104408264,-0.22676821053028107,0.4240128993988037,0.2711278200149536,-0.31603121757507324
2025-07-15 00:45:08.806339,0.9210681319236755,0.9024760723114014,1.1143196161356173e-06,0.450565904378891,0.6961202025413513,-0.2557774484157562,0.4336468279361725,0.2522457242012024,-0.35244810581207275
2025-07-15 00:45:09.139784,0.922784149646759,0.9079796075820923,1.0739420304162195e-06,0.45057058334350586,0.6878622770309448,-0.23489168286323547,0.42931973934173584,0.25940564274787903,-0.3283578157424927
2025-07-15 00:45:09.439799,0.9213059544563293,0.912295937538147,1.083237407328852e-06,0.4489786922931671,0.6897069811820984,-0.21003754436969757,0.421199232339859,0.2672806680202484,-0.2875206768512726
2025-07-15 00:45:09.706966,0.9227730631828308,0.9289860129356384,8.472194394926191e-07,0.45036205649375916,0.6910439133644104,-0.20289918780326843,0.4118237793445587,0.30305027961730957,-0.2868642508983612
2025-07-15 00:45:10.006672,0.9407430291175842,0.9298288226127625,-1.4702939097333e-06,0.5137534737586975,0.6051627993583679,-0.10894998162984848,0.5385153293609619,0.6555327773094177,-0.1638035625219345
2025-07-15 00:45:10.274369,0.9339314103126526,0.9375940561294556,-1.3692346101379371e-06,0.5840988159179688,0.6356537342071533,-0.1303555965423584,0.4036315083503723,0.5304826498031616,-0.2061697095632553
2025-07-15 00:45:10.573579,0.9174697995185852,0.926856517791748,-9.703560408524936e-07,0.6294770836830139,0.6586844325065613,-0.18155500292778015,0.39474040269851685,0.46392786502838135,-0.25471022725105286
2025-07-15 00:45:10.841103,0.9080600738525391,0.9356014132499695,-1.0603781674944912e-06,0.6280807256698608,0.654155433177948,-0.19010215997695923,0.3984953463077545,0.4338547885417938,-0.25628238916397095
2025-07-15 00:45:11.173861,0.9913082718849182,0.878998339176178,-1.0644756684996537e-06,0.6483991146087646,0.505572497844696,-0.10743258893489838,0.5778569579124451,0.3298596739768982,-0.1687391996383667
2025-07-15 00:45:11.740342,0.7605364322662354,1.0437465906143188,-9.755460439464514e-09,0.7391205430030823,0.8004387021064758,-0.1084667295217514,0.883176863193512,0.9291014671325684,-0.09430625289678574
2025-07-15 00:45:12.074104,0.7565432190895081,1.0004606246948242,3.5263349218439544e-07,0.7429665327072144,0.7897289395332336,-0.11801666766405106,0.9045833349227905,0.9111486673355103,-0.10252818465232849
2025-07-15 00:45:12.408640,0.7518143057823181,0.9913839101791382,3.688225547193724e-07,0.7445348501205444,0.780831515789032,-0.10940507799386978,0.9002728462219238,0.9040629863739014,-0.092960424721241
2025-07-15 00:45:12.708854,0.7484009861946106,0.9961362481117249,1.999385972339951e-07,0.7489936947822571,0.763173520565033,-0.07753293961286545,0.9143494367599487,0.8811653256416321,-0.06259007751941681
2025-07-15 00:45:12.975594,0.777958869934082,0.912799596786499,2.109143615314224e-08,0.904539167881012,0.909360408782959,0.0008544093579985201,0.9063494801521301,0.8760042190551758,-0.007610115688294172
2025-07-15 00:45:13.610146,0.7830754518508911,0.9418056607246399,-2.4600234738159088e-08,0.9000645875930786,0.8780458569526672,0.01978410594165325,0.9015375375747681,0.866370439529419,0.012776704505085945
2025-07-15 00:45:13.942818,0.7628800272941589,0.9364807605743408,-2.174706414947991e-09,0.8576074838638306,0.8896121382713318,-0.02777915820479393,0.8963432312011719,0.8736072778701782,-0.03158112242817879
2025-07-15 00:45:14.276620,0.7716178894042969,0.9387118220329285,-2.759351502845675e-07,0.8809335231781006,0.897178590297699,0.004364079795777798,0.894555926322937,0.8870713114738464,-0.014028570614755154
2025-07-15 00:45:16.176635,0.41634559631347656,0.49790486693382263,1.8285496707903803e-06,0.32710668444633484,0.13670134544372559,-0.30903810262680054,0.8444382548332214,0.6583999395370483,-0.31327617168426514
2025-07-15 00:45:21.114612,0.803934633731842,0.764319121837616,1.317142732659704e-06,0.5119709372520447,0.447750061750412,-0.17451491951942444,0.40909865498542786,0.24778036773204803,-0.47033488750457764
2025-07-15 00:45:21.415388,0.9832584261894226,0.8146485090255737,9.463671091225478e-08,0.8287787437438965,0.13391469419002533,-0.044297635555267334,0.4223237931728363,0.13559789955615997,-0.15423336625099182
2025-07-15 00:45:21.749282,0.9456838965415955,0.7747340798377991,5.202202260079503e-07,0.9121465086936951,0.12313413619995117,-0.06368525326251984,0.4825623035430908,0.07648954540491104,-0.11850298196077347
2025-07-15 00:45:22.082069,0.9370341897010803,0.8166832327842712,7.929676826279319e-07,0.9600843191146851,0.1474587321281433,-0.09184267371892929,0.5070400238037109,0.05742906779050827,-0.12687543034553528
2025-07-15 00:45:22.415198,0.8243944048881531,0.9150586724281311,8.765126153775782e-07,1.0159285068511963,0.3222394585609436,-0.09688548743724823,0.5970364809036255,0.049599628895521164,-0.15491637587547302
2025-07-15 00:45:22.748412,0.7629334330558777,0.942428708076477,9.538612175674643e-07,1.0311739444732666,0.39174118638038635,-0.13541361689567566,0.6534064412117004,0.043545566499233246,-0.21370145678520203
2025-07-15 00:45:23.016464,0.7360548973083496,0.9631127119064331,7.735416716059262e-07,0.974713921546936,0.40979722142219543,-0.12583930790424347,0.6222643256187439,0.07055019587278366,-0.21350187063217163
2025-07-15 00:45:23.349700,0.7389641404151917,1.0079727172851562,8.335109100698901e-07,0.9944419860839844,0.3986409306526184,-0.14097490906715393,0.6245751976966858,0.0662972554564476,-0.24390003085136414
2025-07-15 00:45:23.682398,0.7826229929924011,1.166265606880188,-9.85533006314654e-07,0.8148106336593628,0.3889521062374115,-0.0865856483578682,0.7591696977615356,0.5328648686408997,-0.19828706979751587
2025-07-15 00:45:23.983348,0.8092694878578186,1.1536893844604492,-7.353068554039055e-07,0.8284327983856201,0.47713181376457214,-0.07370555400848389,0.7506371140480042,0.5677676200866699,-0.16723883152008057
2025-07-15 00:45:24.283270,0.8835604190826416,1.1111871004104614,1.703168095446017e-06,0.8869969844818115,0.31240296363830566,-0.19482505321502686,0.5490516424179077,-0.00654846616089344,-0.4064231514930725
2025-07-15 00:45:24.950708,0.7370837330818176,1.0061784982681274,-4.1551714957677177e-07,0.7319983243942261,0.7246159911155701,-0.03276645019650459,0.8338668346405029,0.836833655834198,-0.008501244708895683
2025-07-15 00:45:25.284241,0.7642616629600525,0.9849080443382263,-3.90952294537783e-07,0.7017137408256531,0.8129620552062988,0.02209652215242386,0.7211021184921265,0.7061424851417542,0.05196515843272209
2025-07-15 00:45:25.617221,0.7670386433601379,1.0034412145614624,-2.5508555268061173e-07,0.7550936341285706,0.7515197992324829,-0.024412862956523895,0.8356227874755859,0.8296148777008057,-0.005736824590712786
2025-07-15 00:45:25.950060,0.7559303641319275,1.0581656694412231,-3.100574588188465e-07,0.6993478536605835,0.8278622627258301,-0.05173277482390404,0.7875829935073853,0.7552005648612976,-0.03190423920750618
2025-07-15 00:45:26.284135,0.7658742070198059,1.039684534072876,-4.526268355675711e-07,0.7175512313842773,0.7514494061470032,0.07775764167308807,0.7747991681098938,0.7969102263450623,0.1465492844581604
2025-07-15 00:45:26.617291,0.7552211880683899,1.0022982358932495,-7.456539208305912e-08,0.709339439868927,0.7464488744735718,0.026526138186454773,0.8073312640190125,0.7718543410301208,0.09574506431818008
2025-07-15 00:45:26.952524,0.759332001209259,1.0504779815673828,-4.460130185179878e-07,0.6916899085044861,0.7508357167243958,0.09192440658807755,0.748376727104187,0.755803108215332,0.16786208748817444
2025-07-15 00:45:27.285622,0.7599760890007019,0.9946052432060242,-1.3922055730475336e-09,0.6944115161895752,0.7437831163406372,0.027366656810045242,0.7929900288581848,0.7605021595954895,0.09285659343004227
2025-07-15 00:45:27.619186,0.7585629820823669,1.0044934749603271,-4.146899641455093e-07,0.7266702651977539,0.7569596767425537,-0.007187594193965197,0.7885060906410217,0.8067231178283691,0.03082934394478798
2025-07-15 00:45:27.953078,0.7880342602729797,1.012644648551941,-5.126644850861339e-07,0.7613328099250793,0.7533838152885437,0.001393345301039517,0.7868381142616272,0.8052339553833008,0.034003302454948425
2025-07-15 00:45:28.284867,0.7829034328460693,1.0166833400726318,-4.879962602899468e-07,0.7387726306915283,0.7547608613967896,0.038065388798713684,0.7805057764053345,0.7968036532402039,0.0916704460978508
2025-07-15 00:45:28.619616,0.7753640413284302,1.0215116739273071,-4.910643269795401e-07,0.7187862992286682,0.7509452104568481,0.019242962822318077,0.7878525257110596,0.7880419492721558,0.07408389449119568
2025-07-15 00:45:28.952600,0.7678775191307068,1.020268201828003,-4.5459557895810576e-07,0.7179893255233765,0.7537795901298523,-0.008207336999475956,0.7925944924354553,0.7977733612060547,0.03888905048370361
2025-07-15 00:45:29.286788,0.7699979543685913,1.017992377281189,-4.456402109553892e-07,0.7204077243804932,0.7551087737083435,-0.010253247804939747,0.7948901057243347,0.7993596792221069,0.03773971647024155
2025-07-15 00:45:29.551869,0.7679514288902283,1.0190411806106567,-4.22116698928221e-07,0.7179646492004395,0.7542040348052979,-0.01216005627065897,0.7944980263710022,0.7932429313659668,0.03785671293735504
2025-07-15 00:45:29.886220,0.7713429927825928,1.0214275121688843,-4.4963502432437963e-07,0.7182523012161255,0.7553888559341431,-0.010444075800478458,0.7926449775695801,0.7950283288955688,0.03872634097933769
2025-07-15 00:45:30.153088,0.7706108093261719,1.0146679878234863,-4.207521442367579e-07,0.7166959047317505,0.7548531889915466,-0.0018101368332281709,0.7942461371421814,0.7908895611763,0.05167797952890396
2025-07-15 00:45:30.453554,0.7696173191070557,1.018229365348816,-4.168300336004904e-07,0.7171660661697388,0.7559951543807983,0.0017790417186915874,0.7973859310150146,0.7944009304046631,0.05152643471956253
2025-07-15 00:45:30.786375,0.764550507068634,1.0177327394485474,-4.2485802964620234e-07,0.7185856103897095,0.7552604675292969,0.008129207417368889,0.7948781251907349,0.7860569357872009,0.059837087988853455
2025-07-15 00:45:31.087342,0.7701048254966736,1.0249296426773071,-4.267372162303218e-07,0.7191586494445801,0.7555575370788574,0.004929862450808287,0.7936092615127563,0.7912954688072205,0.06062174588441849
2025-07-15 00:45:31.420249,0.7625969052314758,1.0174636840820312,-4.1375128034815134e-07,0.7178982496261597,0.7575287818908691,0.002873415360227227,0.795995831489563,0.7893809676170349,0.05719106271862984
2025-07-15 00:45:31.753328,0.7693203687667847,1.0158253908157349,-4.029039075703622e-07,0.7179011702537537,0.7591030597686768,-0.006280232686549425,0.795573353767395,0.7989357709884644,0.0449131540954113
2025-07-15 00:45:32.020716,0.7657951712608337,1.0153502225875854,-4.27817298032096e-07,0.7179460525512695,0.7584501504898071,-0.001438754377886653,0.7972692251205444,0.7970443964004517,0.05149126797914505
2025-07-15 00:45:32.353555,0.7701739072799683,1.0123711824417114,-4.1575495401957596e-07,0.7186352610588074,0.7584986686706543,-0.0042836288921535015,0.7979435920715332,0.8009093999862671,0.046549562364816666
2025-07-15 00:45:32.687676,0.7654129266738892,1.011641263961792,-3.985442447174137e-07,0.7177126407623291,0.7563509345054626,-0.007249463815242052,0.7979244589805603,0.7945946455001831,0.04392104223370552
2025-07-15 00:45:33.022666,0.7719587683677673,1.0102317333221436,-4.269112707788736e-07,0.717930018901825,0.7551217079162598,0.009380771778523922,0.7974305152893066,0.7962705492973328,0.06638072431087494
2025-07-15 00:45:33.354292,0.7714612483978271,1.0128978490829468,-4.3146073380739836e-07,0.7173857092857361,0.7578622698783875,-0.0005919564864598215,0.7947995066642761,0.7981305718421936,0.05494033917784691
2025-07-15 00:45:33.688434,0.7684730887413025,1.014567255973816,-4.153898771619424e-07,0.7159091830253601,0.757257878780365,-0.0010742030572146177,0.7969202399253845,0.794809877872467,0.051693323999643326
2025-07-15 00:45:34.021796,0.7653594017028809,1.0085020065307617,-4.3060620669166383e-07,0.7152637243270874,0.7420529723167419,0.06311989575624466,0.7950339913368225,0.7825696468353271,0.12729386985301971
2025-07-15 00:45:34.354691,0.7726756930351257,0.9796525239944458,-4.4791258346776885e-07,0.6683644652366638,0.676470160484314,-0.0038845345843583345,0.7587119340896606,0.7450330853462219,0.07388868182897568
2025-07-15 00:45:34.689360,0.7748758792877197,0.9867157936096191,-4.850077743867587e-07,0.671476423740387,0.6904769539833069,0.028141971677541733,0.763015866279602,0.7411810159683228,0.10821988433599472
2025-07-15 00:45:35.026632,0.7719354033470154,1.011227011680603,-3.429975947710773e-07,0.6940537095069885,0.7255475521087646,-0.0012174135772511363,0.7880911827087402,0.7852223515510559,0.058265816420316696
2025-07-15 00:45:35.358054,0.7665407657623291,1.0167384147644043,-3.951519431666384e-07,0.7042511701583862,0.7271246910095215,-0.02292320877313614,0.7965282797813416,0.8117480278015137,0.035028159618377686
2025-07-15 00:45:35.690918,0.7617087364196777,1.0135233402252197,-3.5278588939036126e-07,0.7054706811904907,0.7209488749504089,-0.02706872671842575,0.7957541346549988,0.7884089946746826,0.03100890852510929
2025-07-15 00:45:36.026724,0.765364408493042,1.005405068397522,-3.8264511204033624e-07,0.7023318409919739,0.7190626859664917,-0.01619902439415455,0.7928091883659363,0.8046243786811829,0.0496298186480999
2025-07-15 00:45:36.357251,0.7620155215263367,1.0048311948776245,-4.146650098846294e-07,0.7027896046638489,0.7230919003486633,-0.031567249447107315,0.792677640914917,0.8114283084869385,0.027913961559534073
2025-07-15 00:45:36.691299,0.7648621201515198,1.0005900859832764,-3.9726035083731404e-07,0.6996830701828003,0.7213399410247803,-0.03255084902048111,0.7918992638587952,0.8086591958999634,0.02689107321202755
2025-07-15 00:45:37.024599,0.768771231174469,0.9789140224456787,-4.156173929459328e-07,0.679212212562561,0.6804240345954895,0.044748179614543915,0.7591394782066345,0.7496048212051392,0.1393582820892334
2025-07-15 00:45:37.358262,0.765578031539917,0.980034351348877,-4.728321982838679e-07,0.6686939001083374,0.6720899343490601,0.01651230826973915,0.7533708810806274,0.7456844449043274,0.1023050919175148
2025-07-15 00:45:37.692035,0.7669984698295593,1.0008046627044678,-5.108055347591289e-07,0.6849614381790161,0.7104864716529846,0.009426448494195938,0.7739167809486389,0.7743796110153198,0.0753142386674881
2025-07-15 00:45:37.991454,0.7709843516349792,1.013196349143982,-4.0499156739315367e-07,0.6923955678939819,0.7178357839584351,-0.013472573831677437,0.7807584404945374,0.779076099395752,0.05563173070549965
2025-07-15 00:45:38.292518,0.7688702344894409,1.0119329690933228,-4.245952993642277e-07,0.6913889646530151,0.7216476798057556,-0.010596047155559063,0.7835639119148254,0.7834979891777039,0.052303679287433624
2025-07-15 00:45:38.626276,0.7656165361404419,1.0093896389007568,-3.406563280350383e-07,0.6951252818107605,0.7236340045928955,-0.017386049032211304,0.788833737373352,0.7837287783622742,0.04196193069219589
2025-07-15 00:45:38.958844,0.7617270946502686,1.0108321905136108,-4.0996056327458064e-07,0.6955850720405579,0.7235974669456482,-0.01854860596358776,0.7855512499809265,0.803882360458374,0.04233940318226814
2025-07-15 00:45:39.292895,0.7605648636817932,1.0087943077087402,-4.009015697192808e-07,0.6953345537185669,0.7232979536056519,-0.026824848726391792,0.7846863865852356,0.8046442866325378,0.03362938389182091
2025-07-15 00:45:39.592401,0.7594797611236572,1.0088551044464111,-4.095649330793094e-07,0.6941524147987366,0.7209694385528564,-0.019104814156889915,0.7833973169326782,0.798660933971405,0.04223422706127167
2025-07-15 00:45:39.925797,0.7591668963432312,1.0092283487319946,-3.7868417734898685e-07,0.694815993309021,0.7205907106399536,-0.03630490601062775,0.7892276644706726,0.8010494112968445,0.01858615316450596
2025-07-15 00:45:40.226611,0.7705587148666382,1.0026557445526123,-3.8307439353957307e-07,0.6935786604881287,0.707260012626648,-0.018590819090604782,0.7832545042037964,0.7859903573989868,0.045469462871551514
2025-07-15 00:45:40.567203,0.7598505616188049,1.0040324926376343,-4.06483053438933e-07,0.7004438638687134,0.7263274788856506,-0.005393939092755318,0.790836751461029,0.7908073663711548,0.050672825425863266
2025-07-15 00:45:40.913526,0.757999837398529,1.0006964206695557,-2.786136406029982e-07,0.7086593508720398,0.7255190014839172,-0.025279132649302483,0.8133772015571594,0.8093252778053284,0.024897918105125427
2025-07-15 00:45:41.244758,0.7588375210762024,1.0078219175338745,-3.106426333943091e-07,0.719759464263916,0.7302722930908203,-0.03846624493598938,0.8175973892211914,0.8100091814994812,0.0029184753075242043
2025-07-15 00:45:41.582509,0.7598357796669006,1.006571888923645,-3.2181878850678913e-07,0.7158623337745667,0.7326152324676514,-0.04269951954483986,0.8156989812850952,0.8272731900215149,0.0023916857317090034
2025-07-15 00:45:41.917386,0.7778182029724121,1.0175739526748657,-4.6108897322483244e-07,0.7178099751472473,0.7216107845306396,0.0191545020788908,0.7916221022605896,0.7999474406242371,0.09353144466876984
2025-07-15 00:45:42.240453,0.7803451418876648,1.0037384033203125,-4.661619072976464e-07,0.728162944316864,0.7202152609825134,0.0125951636582613,0.7681311368942261,0.7679919004440308,0.06870637834072113
2025-07-15 00:45:42.580481,0.7841663360595703,1.0056500434875488,-5.570418579736724e-07,0.750963032245636,0.7180676460266113,-0.011444696225225925,0.7893468141555786,0.8004671335220337,0.01809111051261425
2025-07-15 00:45:42.917609,0.75453782081604,0.9948238730430603,-4.52476797363488e-07,0.7280049920082092,0.7252300977706909,-0.0025587291456758976,0.8058741688728333,0.8173342943191528,0.03625486418604851
2025-07-15 00:45:43.251026,0.7774802446365356,1.0019557476043701,-4.62234453380006e-07,0.6703612208366394,0.7238140106201172,0.006581145338714123,0.7664687037467957,0.7702920436859131,0.07769988477230072
2025-07-15 00:45:43.581790,0.7785890698432922,0.9914680123329163,-4.340934367519367e-07,0.6701508164405823,0.7270451188087463,0.0312681645154953,0.7787115573883057,0.7585256695747375,0.1005835235118866
2025-07-15 00:45:43.918526,0.7647725343704224,1.0007514953613281,-3.6549803894558863e-07,0.6837888956069946,0.727089524269104,-0.014017862267792225,0.7974296808242798,0.7827520966529846,0.03951727971434593
2025-07-15 00:45:44.241288,0.7764569520950317,1.0079561471939087,-3.810114321822766e-07,0.6738666296005249,0.732016921043396,0.00350906397216022,0.7713178992271423,0.7571577429771423,0.0765208899974823
2025-07-15 00:45:44.583656,0.7769399881362915,0.9959911704063416,-4.885614544036798e-07,0.6540812253952026,0.7351836562156677,0.014468874782323837,0.7509516477584839,0.7449138760566711,0.09206331521272659
2025-07-15 00:45:44.915550,0.7793624401092529,0.9933649897575378,-4.5692414119002933e-07,0.6564968824386597,0.7349035143852234,0.0180109404027462,0.7589011192321777,0.7462846040725708,0.09764640033245087
2025-07-15 00:45:45.239087,0.7803693413734436,0.9949632883071899,-4.758871057219949e-07,0.6590535640716553,0.738182783126831,-0.002432869514450431,0.7622219324111938,0.7510998845100403,0.06455784291028976
2025-07-15 00:45:45.566760,0.7768319845199585,0.9962132573127747,-4.5522432401412516e-07,0.6606467962265015,0.7410391569137573,-0.006349914241582155,0.7653660774230957,0.75215744972229,0.058295950293540955
2025-07-15 00:45:45.902941,0.779643714427948,0.9957581162452698,-4.805494882020866e-07,0.6612293124198914,0.7373862266540527,-0.006319165695458651,0.7668235898017883,0.7565159797668457,0.057442788034677505
2025-07-15 00:45:46.248029,0.7633829712867737,1.0056297779083252,-3.6297296901466325e-07,0.6839496493339539,0.7328171133995056,-0.032267168164253235,0.800591766834259,0.816507875919342,0.022334104403853416
2025-07-15 00:45:46.575247,0.7689512968063354,1.016297698020935,-3.870271427786065e-07,0.6779978275299072,0.735338568687439,-0.02799975499510765,0.7882675528526306,0.8087353706359863,0.030955523252487183
2025-07-15 00:45:46.906311,0.7796997427940369,1.023368000984192,-4.428602267125825e-07,0.6761906147003174,0.7369387745857239,-0.026394905522465706,0.7728566527366638,0.7953755855560303,0.02864554151892662
2025-07-15 00:45:47.249145,0.7792404890060425,1.021801233291626,-4.7082428977773816e-07,0.6705728769302368,0.7326509952545166,-0.018121879547834396,0.7656693458557129,0.7909242510795593,0.04416270926594734
2025-07-15 00:45:47.582640,0.7814742922782898,1.0201387405395508,-4.6397846631407447e-07,0.6725559830665588,0.7295642495155334,-0.011667466722428799,0.7676769495010376,0.786489725112915,0.05561119318008423
2025-07-15 00:45:47.909988,0.7765823006629944,1.0122270584106445,-4.727983480279363e-07,0.6739415526390076,0.7332034111022949,-0.010426482185721397,0.769657552242279,0.7839120030403137,0.05077261105179787
2025-07-15 00:45:48.245982,0.7853827476501465,1.0116446018218994,-4.4529113552016497e-07,0.6720799803733826,0.7232280969619751,-0.011075993068516254,0.7660962343215942,0.7852297425270081,0.059896618127822876
2025-07-15 00:45:48.581232,0.7699409127235413,0.9808724522590637,-4.049938411299081e-07,0.6346675753593445,0.6804328560829163,-0.0030865869484841824,0.7359650731086731,0.7195665240287781,0.08954683691263199
2025-07-15 00:45:48.916017,0.7651380896568298,0.9657649993896484,-4.4827180545325973e-07,0.6210423111915588,0.6699295043945312,0.009603694081306458,0.7257099151611328,0.6983290910720825,0.10118048638105392
2025-07-15 00:45:49.251760,0.7674722075462341,0.9702117443084717,-4.3601852439678623e-07,0.6197331547737122,0.6666303277015686,-0.004825392737984657,0.723456859588623,0.6933415532112122,0.08900201320648193
2025-07-15 00:45:49.583042,0.7646734118461609,0.9675676226615906,-4.4383415342963417e-07,0.6158641576766968,0.6689280271530151,-0.013169319368898869,0.7236101031303406,0.6944206357002258,0.0732484757900238
2025-07-15 00:45:49.915863,0.7683239579200745,0.9763969779014587,-4.756375346914865e-07,0.6163967847824097,0.6767954230308533,0.008542029187083244,0.7229604721069336,0.7048447132110596,0.09763357788324356
2025-07-15 00:45:50.251464,0.7783118486404419,0.9970237612724304,-5.187491183278325e-07,0.6401740312576294,0.6993519067764282,0.04151959717273712,0.7377490997314453,0.752967119216919,0.12579090893268585
2025-07-15 00:45:50.583229,0.7773497700691223,0.9906215667724609,-5.049985247751465e-07,0.6484542489051819,0.7133327722549438,0.006266616750508547,0.7522039413452148,0.7661161422729492,0.07787203788757324
2025-07-15 00:45:50.917180,0.7772085070610046,0.9912975430488586,-5.015205033487291e-07,0.651133120059967,0.7120211124420166,0.012202712707221508,0.7519063353538513,0.7652053236961365,0.08597177267074585
2025-07-15 00:45:51.253385,0.7769544124603271,0.9811818599700928,-4.4501544493869005e-07,0.6489107012748718,0.6862228512763977,0.02854480780661106,0.7441968321800232,0.7436417937278748,0.1164889931678772
2025-07-15 00:45:51.587032,0.7741374969482422,0.9622847437858582,-5.164828849046899e-07,0.6283811926841736,0.6676253080368042,0.0014389029238373041,0.7316237092018127,0.7227823734283447,0.08381558954715729
2025-07-15 00:45:51.920555,0.7689084410667419,0.9592356085777283,-5.368660254134738e-07,0.622654914855957,0.6645130515098572,-0.002737515838816762,0.7296497225761414,0.7151636481285095,0.07107266038656235
2025-07-15 00:45:52.249120,0.7690231204032898,0.9599023461341858,-5.398545681600808e-07,0.6163253784179688,0.6663303971290588,-0.008799775503575802,0.7286601066589355,0.7154415249824524,0.06199357286095619
2025-07-15 00:45:52.585028,0.7697468400001526,0.9617208242416382,-5.275340981825138e-07,0.617933452129364,0.6648954153060913,-0.009635855443775654,0.7285072803497314,0.7128669619560242,0.06846777349710464
2025-07-15 00:45:52.914510,0.7723055481910706,0.9600940346717834,-5.210206950323482e-07,0.6203927397727966,0.6661362051963806,-0.012121681123971939,0.7298309206962585,0.7140929102897644,0.060615066438913345
2025-07-15 00:45:53.252889,0.7792880535125732,0.9867947697639465,-4.789004606209346e-07,0.6398784518241882,0.6925943493843079,0.02144184708595276,0.7424400448799133,0.7337803244590759,0.10302414000034332
2025-07-15 00:45:53.579501,0.7838577032089233,0.9931514263153076,-5.033491561334813e-07,0.6551493406295776,0.7096340656280518,0.03322359174489975,0.7588303089141846,0.7515445947647095,0.10904670506715775
2025-07-15 00:45:53.918779,0.7821757793426514,0.9899588227272034,-5.127554913997301e-07,0.6487886309623718,0.6967930793762207,0.03506658971309662,0.7452945113182068,0.74895840883255,0.1196432113647461
2025-07-15 00:45:54.254446,0.7829811573028564,0.9818969368934631,-5.405780711953412e-07,0.6433085799217224,0.6844470500946045,0.014539088122546673,0.7444670796394348,0.749313235282898,0.09033019840717316
2025-07-15 00:45:54.587197,0.7814046144485474,0.9981894493103027,-4.7286914650612744e-07,0.6497983336448669,0.702462911605835,0.04457404091954231,0.754940390586853,0.7412605881690979,0.1292571872472763
2025-07-15 00:45:54.920075,0.7782707214355469,1.0136882066726685,-4.948728360432142e-07,0.6778349280357361,0.7304325699806213,0.024428024888038635,0.774750292301178,0.7742391228675842,0.08472169190645218
2025-07-15 00:45:55.253534,0.7721310257911682,1.016517996788025,-4.473446324482211e-07,0.6779828667640686,0.7247329950332642,0.016803370788693428,0.7793136835098267,0.7952970266342163,0.08108549565076828
2025-07-15 00:45:55.586938,0.7833247780799866,1.0166645050048828,-5.659800308421836e-07,0.6753259897232056,0.7253842353820801,0.029088973999023438,0.7707101702690125,0.8087234497070312,0.0990934893488884
2025-07-15 00:45:55.920113,0.7701092958450317,0.9831347465515137,-5.23577625699545e-07,0.6626031398773193,0.6965051889419556,0.006928884889930487,0.7529688477516174,0.777073323726654,0.07565043121576309
2025-07-15 00:45:56.253399,0.7676187753677368,0.9575915932655334,-5.411338293015433e-07,0.6299805045127869,0.6644679307937622,0.01660838909447193,0.7321996092796326,0.7209323644638062,0.08443290740251541
2025-07-15 00:57:33.758320,0.5054447054862976,0.7766773700714111,6.478465053305626e-08,-0.06329506635665894,0.5910985469818115,-0.11964836716651917,-0.16610251367092133,0.31023940443992615,-0.15127266943454742
2025-07-15 00:57:34.073417,0.5629820823669434,0.7572196125984192,-4.1183000121236546e-07,0.07840663194656372,0.293947696685791,-0.06596732884645462,-0.10197219997644424,0.2007073611021042,-0.09659149497747421
2025-07-15 00:57:34.394396,0.6093860864639282,0.7667521834373474,-8.838356961859972e-07,0.0650259479880333,0.3100726008415222,-0.0692472830414772,0.156111478805542,0.30753999948501587,-0.10067880153656006
2025-07-15 00:57:34.742821,0.6376861333847046,0.8866450190544128,7.582801231365011e-07,0.04383646696805954,0.7072833180427551,-0.18844814598560333,-0.03250112012028694,0.3057892620563507,-0.181229367852211
2025-07-15 00:57:35.072759,0.7082704305648804,0.9788405895233154,9.075054094864754e-07,0.13766658306121826,0.8015131950378418,-0.18928351998329163,0.11041262745857239,0.27955934405326843,-0.1932215392589569
2025-07-15 00:57:35.406031,0.7675454020500183,1.0313395261764526,2.8623855996556813e-07,0.287405788898468,0.7784765362739563,-0.10467855632305145,0.20459870994091034,0.36340054869651794,-0.17570024728775024
2025-07-15 00:57:35.741497,0.6870062351226807,0.9392891526222229,-1.1195601246072329e-06,0.3259334862232208,0.5421378016471863,-0.043955203145742416,0.3990812301635742,0.5644206404685974,-0.07433997839689255
2025-07-15 00:57:36.071551,0.6682180762290955,1.01865553855896,-7.712321234976116e-07,0.19725364446640015,0.681844174861908,-0.13153882324695587,0.24202175438404083,0.2417590320110321,-0.15013964474201202
2025-07-15 00:57:36.405365,0.7221253514289856,1.0213433504104614,-9.044933904078789e-07,0.2695671021938324,0.6143242120742798,-0.137965127825737,0.31552860140800476,0.13001906871795654,-0.17343124747276306
2025-07-15 00:57:36.741995,0.709202766418457,1.0773569345474243,-1.2921532288601156e-06,0.24686920642852783,0.7564442753791809,-0.1180092841386795,0.15892955660820007,0.38008973002433777,-0.17824023962020874
2025-07-15 00:57:37.074039,0.7376625537872314,1.1028964519500732,-1.472647454647813e-06,0.2602120339870453,0.8587808012962341,-0.13455453515052795,0.1458953619003296,0.5686412453651428,-0.2269732654094696
2025-07-15 00:57:37.407593,0.7013759613037109,1.0959690809249878,-1.1909129398190998e-06,0.252887487411499,0.7255468368530273,-0.1701912134885788,0.2693987786769867,0.525734007358551,-0.23068784177303314
2025-07-15 00:57:37.741983,0.6328999400138855,1.0644712448120117,1.1129915264973533e-06,0.07526622712612152,0.8575913906097412,-0.21234075725078583,0.15948528051376343,0.19689814746379852,-0.20786067843437195
2025-07-15 00:57:38.077146,0.6340104341506958,1.055180311203003,1.1105188377769082e-06,0.08528192341327667,0.7673006057739258,-0.22969193756580353,0.22428220510482788,0.11508965492248535,-0.20615312457084656
2025-07-15 00:57:38.411113,0.6568794846534729,1.0429108142852783,1.0693125886973576e-06,0.12889301776885986,0.6482924818992615,-0.23208937048912048,0.3165883421897888,0.02049514651298523,-0.19813565909862518
2025-07-15 00:57:38.744528,0.6562139391899109,1.040097951889038,1.1111131925645168e-06,0.1271052360534668,0.6323793530464172,-0.22470419108867645,0.32759273052215576,-0.0008361990912817419,-0.1783754974603653
2025-07-15 00:57:39.080712,0.6619834899902344,1.1141999959945679,1.213178620673716e-06,0.07857329398393631,0.717656672000885,-0.25833529233932495,0.29315492510795593,0.03579626604914665,-0.21869820356369019
2025-07-15 00:57:39.402198,0.640904426574707,1.159271001815796,-1.6320103668476804e-06,0.24012871086597443,0.5714772939682007,-0.12038253992795944,0.37842488288879395,0.7463616728782654,-0.0775139257311821
2025-07-15 00:57:39.744933,0.6142090559005737,1.141050100326538,-1.621022192921373e-06,0.23016059398651123,0.6396583318710327,-0.08475422114133835,0.36623382568359375,0.7857471704483032,-0.09564130753278732
2025-07-15 00:57:40.078427,0.6229954957962036,1.1218761205673218,-1.5700320545875002e-06,0.23728226125240326,0.6412557363510132,-0.08652349561452866,0.3712747395038605,0.7898014783859253,-0.11150253564119339
2025-07-15 00:57:40.413873,0.6165390014648438,1.1197988986968994,-1.3950617585578584e-06,0.22188295423984528,0.6376549005508423,-0.09472237527370453,0.3788125216960907,0.7754567861557007,-0.09124739468097687
2025-07-15 00:57:40.741736,0.5149000883102417,0.9313724040985107,1.7642385046201525e-06,0.32199186086654663,0.8166574239730835,-0.29768988490104675,0.09884734451770782,0.31245869398117065,-0.40715208649635315
2025-07-15 00:57:40.750694,0.5682506561279297,1.1429190635681152,9.070025157598138e-07,0.3258666396141052,0.8498438000679016,-0.19369418919086456,0.1023297905921936,0.29789525270462036,-0.24155957996845245
2025-07-15 00:57:41.045772,0.5791585445404053,1.1641372442245483,1.4690725720356568e-06,0.3613136410713196,0.862725555896759,-0.23138533532619476,0.08922818303108215,0.2466288059949875,-0.2923054099082947
2025-07-15 00:57:41.379665,0.6211100220680237,1.243459939956665,-9.307806294600596e-07,0.17799462378025055,0.6355241537094116,-0.14910808205604553,0.2860616147518158,0.40688997507095337,-0.20249749720096588
2025-07-15 00:57:41.712873,0.6351853609085083,1.2075681686401367,-6.866792432447255e-07,0.17039357125759125,1.1043909788131714,-0.21317602694034576,-0.0093129463493824,0.6266759634017944,-0.3273480534553528
2025-07-15 00:57:42.043769,0.6447443962097168,1.1666285991668701,1.4473273495241301e-06,0.38137286901474,0.9088667631149292,-0.21229363977909088,0.4070386290550232,0.4703284800052643,-0.28023576736450195
2025-07-15 00:57:42.379426,0.6620545983314514,1.2178585529327393,8.106804330054729e-07,0.1476038694381714,1.0273633003234863,-0.20100879669189453,0.024687089025974274,0.6814389228820801,-0.33464041352272034
2025-07-15 00:57:43.369251,0.5758293271064758,1.1513621807098389,1.4961919987399597e-06,0.102593332529068,0.9314084649085999,-0.21422038972377777,0.11334995180368423,0.2756621539592743,-0.2779352068901062
2025-07-15 00:57:44.412953,0.4325409233570099,1.0429133176803589,-3.9105049154386506e-07,0.14253631234169006,0.6958996057510376,-0.11674874275922775,0.12694527208805084,0.4227205216884613,-0.2065955251455307
2025-07-15 00:57:44.733598,0.4256601333618164,1.0842350721359253,-6.21639401288121e-07,0.3722080886363983,0.5412951111793518,-0.24978987872600555,0.5480870008468628,0.2833499312400818,-0.24041634798049927
2025-07-15 00:57:45.034665,0.5762477517127991,1.2236405611038208,6.38424694443529e-07,0.08616210520267487,1.3827046155929565,-0.22587066888809204,-0.15274342894554138,0.8492764830589294,-0.28380638360977173
2025-07-15 00:57:45.476131,0.5510172247886658,1.2377533912658691,8.473607522319071e-07,0.023948224261403084,1.1574193239212036,-0.23041179776191711,-0.07588169723749161,0.7017809748649597,-0.30201271176338196
2025-07-15 00:57:45.908738,0.525039553642273,1.0885424613952637,1.7956836018129252e-07,0.26534682512283325,1.049707293510437,-0.29380911588668823,0.3151437044143677,0.7419903874397278,-0.32132330536842346
2025-07-15 00:57:46.342137,0.5166059732437134,1.1646876335144043,1.5404058331114356e-06,0.1618589460849762,0.7200959324836731,-0.2767002284526825,0.44187888503074646,0.18253618478775024,-0.3728526532649994
2025-07-15 00:57:46.698658,0.6794889569282532,1.2520263195037842,-8.500817330059363e-07,0.24640119075775146,0.596132218837738,-0.02997748740017414,-0.08132676780223846,0.47327592968940735,-0.2326965183019638
2025-07-15 00:57:47.032675,0.5574691891670227,1.2035048007965088,-9.986356275248909e-08,0.2717910706996918,0.4940508008003235,-0.08930765837430954,0.3110712170600891,0.2177775651216507,-0.24860410392284393
2025-07-15 00:57:47.364589,0.5647028088569641,1.1800366640090942,2.101787828223678e-07,0.31995147466659546,0.5731412768363953,-0.0648777112364769,0.31403979659080505,0.23397059738636017,-0.2362087070941925
2025-07-15 00:57:47.699093,0.619443416595459,1.297092318534851,-9.827883786783786e-07,0.12784668803215027,0.8010388016700745,-0.08164814859628677,0.05173218622803688,0.48958534002304077,-0.22024647891521454
2025-07-15 00:57:48.032812,0.48504361510276794,1.1249223947525024,8.699482236806944e-07,0.3698044419288635,0.5127014517784119,-0.13731649518013,0.6006181240081787,0.23083551228046417,-0.23600660264492035
2025-07-15 00:57:48.369905,0.5676469802856445,1.2644816637039185,-4.6732739633625897e-07,0.12044845521450043,0.874079704284668,-0.1802411675453186,0.1228635385632515,0.5139541029930115,-0.31576451659202576
2025-07-15 00:57:48.655539,0.6763058304786682,1.2002625465393066,-1.4631536942033563e-06,0.1661253571510315,0.8696808218955994,-0.19042275846004486,0.14147761464118958,0.6578956842422485,-0.3070816099643707
2025-07-15 00:57:48.870820,0.6189910173416138,1.098488688468933,-1.9818846794805722e-06,0.43642112612724304,0.4774821102619171,-0.05196019262075424,0.4926327168941498,0.5653911828994751,-0.10849404335021973
2025-07-15 00:57:49.099356,0.7203952670097351,1.1526952981948853,-1.4534997490045498e-06,0.3222149908542633,0.6121578812599182,-0.16135475039482117,0.3209671080112457,0.4789510667324066,-0.2594367265701294
2025-07-15 00:57:49.429243,0.6885452270507812,1.0753024816513062,-1.6284582216030685e-06,0.427168071269989,0.46010822057724,-0.12416572123765945,0.44333121180534363,0.48953375220298767,-0.18490070104599
2025-07-15 00:57:49.774869,0.7007080912590027,1.1558243036270142,-1.929560085045523e-06,0.4651929438114166,0.5360754728317261,-0.08102090656757355,0.5377376079559326,0.7194111943244934,-0.12345428764820099
